base,forms,chain,cost,role,rarity,types,traits,hp,atk,def,speed,skill,ability_damage,sprites_have,sprites_need
"abra","3","abra>kadabra>alakazam","3","artillery","rare","PSYCHIC","","90","4","4","63","TELEPORT","","3","0"
"absol","1","absol","6","tank","unique","DARK","wincon","200","19","10","49","NIGHT_SLASH","15/30/60/120 special","0","1"
"aegislashblade","1","aegislashblade","6","bruiser","rare","GHOST/STEEL","","210","34","4","44","KING_SHIELD","","0","1"
"aerodactyl","1","aerodactyl","6","runner","unique","ROCK/FLYING","wincon air","200","14","6","67","ROCK_SLIDE","30/60/120/240 special","0","1"
"aipom","2","aipom>ambipom","3","runner","uncommon","NORMAL","wincon jumps","70","6","4","62","TICKLE","","0","2"
"alcremiecaramelswirl","1","alcremiecaramelswirl","6","skirmisher","unique","FAIRY","","180","16","6","41","DECORATE","","0","1"
"alcremielemon","1","alcremielemon","6","skirmisher","unique","FAIRY","","180","16","6","41","DECORATE","","0","1"
"alcremiematcha","1","alcremiematcha","6","skirmisher","unique","FAIRY","","180","16","6","41","DECORATE","","0","1"
"alcremiemint","1","alcremiemint","6","skirmisher","unique","FAIRY","","180","16","6","41","DECORATE","","0","1"
"alcremierainbowswirl","1","alcremierainbowswirl","6","skirmisher","unique","FAIRY","","180","16","6","41","DECORATE","","0","1"
"alcremieruby","1","alcremieruby","6","skirmisher","unique","FAIRY","","180","16","6","41","DECORATE","","0","1"
"alcremierubyswirl","1","alcremierubyswirl","6","skirmisher","unique","FAIRY","","180","16","6","41","DECORATE","","0","1"
"alcremiesalted","1","alcremiesalted","6","skirmisher","unique","FAIRY","","180","16","6","41","DECORATE","","0","1"
"alcremievanilla","1","alcremievanilla","6","skirmisher","unique","FAIRY","","180","16","6","41","DECORATE","","0","1"
"alolandiglett","2","alolandiglett>alolandugtrio","3","runner","uncommon","GROUND/STEEL","wincon jumps","70","7","4","60","DIG","10/20/40/80 special","0","2"
"alolanexeggutor","1","alolanexeggutor","6","tank","epic","DRAGON/GRASS/PSYCHIC","wincon","350","26","6","38","EGG_BOMB","25/50/100/200 special","0","1"
"alolangeodude","3","alolangeodude>alolangraveler>alolangolem","2","fighter","common","ELECTRIC/ROCK","","70","4","4","39","DISCHARGE","25/50/100/200 special","0","3"
"alolangrimer","2","alolangrimer>alolanmuk","2","fighter","uncommon","POISON/DARK","","70","6","4","41","SLUDGE","","0","2"
"alolanmarowak","1","alolanmarowak","6","tank","epic","GROUND/FIRE/GHOST","wincon","250","22","12","36","SHADOW_BONE","30/60/120/240 special","0","1"
"alolanmeowth","2","alolanmeowth>alolanpersian","4","runner","rare","NORMAL/DARK","wincon jumps","80","7","6","62","PICKUP","30/60/120/240 special","0","2"
"alolanraichu","1","alolanraichu","5","tank","common","ELECTRIC/FAIRY/PSYCHIC","wincon","220","17","7","54","NUZZLE","25/50/100/200 special","0","1"
"alolanrattata","2","alolanrattata>alolanraticate","2","fighter","common","DARK","","60","6","2","50","TAIL_WHIP","","0","2"
"alolansandshrew","2","alolansandshrew>alolansandslash","3","tank","uncommon","ICE/STEEL","wincon","90","5","6","46","ICE_BALL","10/20/30/60 special","0","2"
"alolanvulpix","2","alolanvulpix>alolanninetales","2","skirmisher","rare","ICE/FAIRY","","75","6","4","60","AURORA_VEIL","","0","2"
"amaura","2","amaura>aurorus","5","tank","epic","ICE","wincon","130","7","6","44","HAIL","50/50/50/80 special","0","2"
"anorith","2","anorith>armaldo","2","fighter","uncommon","BUG/WATER","","60","6","4","39","HARDEN","","0","2"
"appletun","1","appletun","7","tank","unique","DRAGON/GRASS","wincon","250","15","12","31","APPLE_ACID","15/30/50/100 special","0","1"
"applin","1","applin","6","tank","unique","DRAGON/GRASS","wincon","160","12","6","31","NUTRIENTS","","0","1"
"arceus","1","arceus","7","runner","legendary","","wincon jumps","300","21","10","63","JUDGEMENT","","0","1"
"archen","2","archen>archeops","3","skirmisher","uncommon","ROCK/FLYING","air","70","6","3","60","ROCK_SMASH","25/50/100/200 special","0","2"
"arctovish","1","arctovish","6","tank","unique","ICE/WATER","wincon","180","22","6","43","ICE_FANG","30/60/120/240 special","0","1"
"arctozolt","1","arctozolt","6","tank","unique","ELECTRIC/ICE","wincon","180","22","6","43","THUNDER_FANG","30/60/120/240 special","0","1"
"armarouge","1","armarouge","6","skirmisher","unique","FIRE/PSYCHIC","","200","16","8","51","ARMOR_CANNON","15/30/50/100 special","0","1"
"aron","3","aron>lairon>aggron","1","fighter","common","STEEL/ROCK","","60","4","4","41","HEAVY_SLAM","15/30/60/120 special","3","0"
"arrokuda","1","arrokuda","3","bruiser","special","WATER","","80","10","2","46","AQUA_JET","20/40/80/160 special","0","1"
"articuno","1","articuno","7","skirmisher","legendary","ICE/FLYING","air","300","28","6","52","BLIZZARD","10/20/40/80 special","0","1"
"audino","1","audino","6","skirmisher","unique","NORMAL","","200","17","8","41","ENTRAINMENT","","0","1"
"axew","3","axew>fraxure>haxorus","4","runner","hatch","DRAGON","wincon jumps","80","9","5","62","OUTRAGE","","0","3"
"azelf","1","azelf","6","sniper","unique","PSYCHIC/FAIRY","","200","15","6","62","NASTY_PLOT","","0","1"
"azurill","3","azurill>marill>azumarill","1","skirmisher","common","WATER/FAIRY","","50","5","2","41","PLAY_ROUGH","","0","3"
"bagon","3","bagon>shelgon>salamence","2","fighter","uncommon","DRAGON","","70","5","6","57","DRAGON_CLAW","30/60/120/240 special","3","0"
"baltoy","2","baltoy>claydol","4","skirmisher","epic","GROUND/PSYCHIC","","80","8","8","49","CONFUSION","75/150/300/500 special","0","2"
"barboach","2","barboach>whiscash","5","tank","epic","WATER/GROUND","wincon","120","9","6","44","FISSURE","25/50/75/100 special","0","2"
"basculegionfemale","1","basculegionfemale","6","skirmisher","unique","WATER/GHOST","","190","19","6","56","GRUDGE_DIVE","","0","1"
"basculegionmale","1","basculegionmale","7","tank","unique","WATER/GHOST","wincon","210","25","8","56","GRUDGE_DIVE","","0","1"
"basculinblue","1","basculinblue","6","bruiser","unique","WATER","","160","15","4","56","BARED_FANGS","","0","1"
"basculinred","1","basculinred","6","bruiser","unique","WATER","","160","15","4","56","BARED_FANGS","","0","1"
"basculinwhite","1","basculinwhite","6","tank","unique","WATER/GHOST","wincon","160","15","6","56","GRUDGE_DIVE","","0","1"
"beldum","3","beldum>metang>metagross","5","tank","epic","PSYCHIC/STEEL","wincon","110","5","12","47","METEOR_MASH","","3","0"
"bellossom","1","bellossom","6","tank","special","GRASS","wincon","300","30","10","41","PETAL_BLIZZARD","","0","1"
"bellsprout","3","bellsprout>weepinbell>victreebel","2","fighter","special","GRASS/POISON","","60","6","3","47","INGRAIN","15/30/60/120 special","0","3"
"bergmite","2","bergmite>avalugg","3","tank","rare","ICE","wincon","90","5","10","28","MOUNTAIN_GALE","","0","2"
"bidoof","2","bidoof>bibarel","2","fighter","uncommon","NORMAL/WATER","","70","7","4","48","SUPER_FANG","","0","2"
"binacle","2","binacle>barbaracle","3","bruiser","rare","ROCK/WATER","","80","9","8","47","STONE_EDGE","","0","2"
"blacephalon","1","blacephalon","7","sniper","legendary","FIRE/GHOST","","200","25","5","69","MIND_BLOWN","","0","1"
"blipbug","3","blipbug>dottler>orbeetle","2","runner","common","BUG/PSYCHIC","wincon jumps","60","4","4","58","EXPANDING_FORCE","10/20/40/80 special","0","3"
"bonsley","2","bonsley>sudowoodo","5","tank","epic","ROCK/GRASS","wincon","125","9","10","35","WOOD_HAMMER","","1","1"
"bounsweet","3","bounsweet>steenee>tsareena","4","bruiser","epic","GRASS/FIGHTING","","85","10","8","48","TROP_KICK","50/100/200/400 special","0","3"
"bronzor","2","bronzor>bronzong","4","tank","rare","STEEL/PSYCHIC","wincon","100","6","12","36","DEFENSE_CURL","","2","0"
"bruxish","1","bruxish","6","tank","unique","WATER/PSYCHIC","wincon","200","18","10","54","PSYCHIC_FANGS","","0","1"
"budew","3","budew>roselia>roserade","2","sniper","epic","GRASS/POISON","","90","5","2","54","PETAL_DANCE","20/30/50/100 special","0","3"
"bugnest","1","bugnest","2","fighter","special","","building","100","0","5","0","SWARM","","0","1"
"buizel","2","buizel>floatzel","5","runner","epic","WATER","wincon jumps","90","8","6","62","AQUA_JET","20/40/80/160 special","0","2"
"bulbasaur","3","bulbasaur>ivysaur>venusaur","2","skirmisher","rare","GRASS/POISON","","80","5","4","51","MAGICAL_LEAF","10/20/40/80 special","3","0"
"buneary","3","buneary>lopunny>megalopunny","4","runner","rare","NORMAL/FIGHTING","wincon jumps","65","7","6","59","HIGH_JUMP_KICK","15/30/60/120 special","0","3"
"bunnelby","2","bunnelby>diggersby","3","fighter","rare","NORMAL/GROUND","","80","7","4","50","EAR_DIG","","0","2"
"burmyplant","1","burmyplant","2","skirmisher","rare","BUG/GRASS","","70","7","2","46","QUIVER_DANCE","","0","1"
"burmysandy","1","burmysandy","2","skirmisher","rare","BUG/GROUND/GRASS","","70","7","6","46","QUIVER_DANCE","","0","1"
"burmytrash","1","burmytrash","2","skirmisher","rare","BUG/GROUND/GRASS","","70","7","4","46","QUIVER_DANCE","","0","1"
"buzzwole","1","buzzwole","7","tank","legendary","BUG/FIGHTING","wincon","250","30","15","50","BULK_UP","","0","1"
"cacnea","2","cacnea>cacturne","3","fighter","rare","GRASS/DARK","","85","7","6","43","HEAL_BLOCK","20/40/80/160 special","0","2"
"capsakid","2","capsakid>scovillain","2","skirmisher","uncommon","GRASS/FIRE","","60","6","2","49","SPICY_EXTRACT","","0","2"
"carbink","2","carbink>diancie","5","tank","epic","ROCK/FAIRY","wincon","125","7","8","41","DIAMOND_STORM","","0","2"
"carnivine","1","carnivine","6","skirmisher","unique","GRASS","","180","21","6","29","POWER_WHIP","","0","1"
"carvanha","2","carvanha>sharpedo","3","bruiser","rare","WATER/DARK","","85","11","2","55","BITE","40/80/120/200 special","0","2"
"cascoon","2","cascoon>dustox","6","tank","epic","BUG/POISON","wincon","200","23","12","20","SPIKY_SHIELD","30/30/30/60 special","0","2"
"castform","1","castform","6","skirmisher","unique","","","180","18","6","47","FORECAST","","0","1"
"castformhail","1","castformhail","6","skirmisher","unique","ICE","","180","18","6","47","FORECAST","","0","1"
"castformrain","1","castformrain","6","skirmisher","unique","WATER","","180","18","6","47","FORECAST","","0","1"
"castformsun","1","castformsun","6","skirmisher","unique","FIRE","","180","18","6","47","FORECAST","","0","1"
"caterpie","3","caterpie>metapod>butterfree","1","skirmisher","common","BUG","","60","5","2","47","STRING_SHOT","10/20/50/100 special","3","0"
"celebi","1","celebi","7","sniper","legendary","GRASS/PSYCHIC","","250","25","10","57","TIME_TRAVEL","","0","1"
"celesteela","1","celesteela","7","tank","legendary","STEEL/FLYING/GRASS","wincon air","300","30","15","40","ULTRA_THRUSTERS","20/40/80/160 special","0","1"
"ceruledge","1","ceruledge","6","tank","unique","FIRE/GHOST","wincon","200","20","6","51","BITTER_BLADE","50/60/70/140 special","0","1"
"cetoddle","2","cetoddle>cetitan","2","fighter","uncommon","ICE","","90","5","2","48","ICE_SPINNER","15/30/60/120 special","0","2"
"charcadet","1","charcadet","5","bruiser","unique","FIRE","","150","15","4","33","FLAME_CHARGE","30/60/120/240 special","0","1"
"charmander","3","charmander>charmeleon>charizard","1","fighter","common","DRAGON/FIRE","","60","4","3","57","BLAST_BURN","30/60/120/240 special","3","0"
"chatot","1","chatot","6","skirmisher","unique","FLYING","air","200","18","4","54","CHATTER","10/20/30/60 special","0","1"
"cherrim","1","cherrim","5","sniper","epic","GRASS","","180","15","4","52","NATURAL_GIFT","","0","1"
"cherrimsunlight","1","cherrimsunlight","6","sniper","epic","GRASS","","250","25","6","52","NATURAL_GIFT","","0","1"
"cherubi","1","cherubi","3","sniper","epic","GRASS","","90","6","2","52","NATURAL_GIFT","","0","1"
"chespin","3","chespin>quilladin>chesnaught","2","fighter","common","GRASS/FIGHTING","","60","7","5","41","SPIKY_SHIELD","30/30/30/60 special","0","3"
"chewtle","2","chewtle>drednaw","3","bruiser","rare","WATER/ROCK","","80","9","6","49","JAW_LOCK","10/15/20/40 special","0","2"
"chikorita","3","chikorita>bayleef>meganium","2","skirmisher","special","GRASS/FAIRY","","70","6","2","51","SWEET_SCENT","","0","3"
"chimchar","3","chimchar>monferno>infernape","2","runner","common","FIRE/FIGHTING","wincon jumps","60","4","2","60","TORMENT","","0","3"
"chinchou","2","chinchou>lanturn","2","skirmisher","uncommon","WATER/ELECTRIC","","60","7","4","43","ELECTRO_BALL","10/20/40/80 special","2","0"
"chingling","2","chingling>chimecho","5","skirmisher","unique","PSYCHIC","","150","10","5","46","ECHO","3/6/9/12 special","0","2"
"chiyu","1","chiyu","7","skirmisher","legendary","FIRE/DARK","","200","28","6","57","BURNING_JEALOUSY","30/50/70/140 special","0","1"
"clamperl","1","clamperl","5","tank","epic","WATER/PSYCHIC/DARK","wincon","100","8","10","35","IRON_DEFENSE","","0","1"
"clauncher","2","clauncher>clawitzer","2","artillery","rare","WATER","","80","7","2","44","WATER_PULSE","70/140/280/500 special","2","0"
"cleffa","3","cleffa>clefairy>clefable","2","fighter","uncommon","FAIRY/NORMAL","","70","5","2","44","METRONOME","","0","3"
"clobbopus","2","clobbopus>grapploct","2","fighter","uncommon","WATER/FIGHTING","","70","6","4","27","OCTOLOCK","30/60/90/180 special","0","2"
"cobalion","1","cobalion","7","runner","legendary","STEEL/FIGHTING","wincon jumps","300","26","16","60","SACRED_SWORD_IRON","","0","1"
"combee","1","combee","2","fighter","special","BUG/GRASS","","75","5","3","50","BUG_BITE","20/40/80/160 special","0","1"
"comfey","1","comfey","6","sniper","unique","GRASS/FAIRY","","150","13","8","64","FLORAL_HEALING","","0","1"
"corphish","2","corphish>crawdaunt","3","fighter","uncommon","WATER/DARK","","85","6","6","43","CRABHAMMER","","0","2"
"corsola","3","corsola>galarcorsola>cursola","4","bruiser","epic","ROCK/WATER","","125","9","2","35","RECOVER","","0","3"
"cosmog","2","cosmog>cosmoem","5","artillery","unique","PSYCHIC","","140","5","8","37","TELEPORT","","0","2"
"cottonee","2","cottonee>whimsicott","2","skirmisher","uncommon","GRASS/FAIRY","","60","5","4","74","COTTON_SPORE","","0","2"
"crabrawler","2","crabrawler>crabominable","3","bruiser","rare","ICE/FIGHTING","","90","10","4","39","ICE_HAMMER","50/100/200/400 special","0","2"
"cramorant","1","cramorant","6","skirmisher","unique","FLYING/WATER","air","200","19","6","52","GULP_MISSILE","25/40/55/110 special","0","1"
"cranidos","2","cranidos>rampardos","2","fighter","uncommon","","true","60","7","4","44","HEAD_SMASH","40/80/150/300 true","0","2"
"cresselia","1","cresselia","7","sniper","legendary","PSYCHIC/FAIRY","","300","14","10","52","LUNAR_BLESSING","","0","1"
"croagunk","2","croagunk>toxicroak","2","fighter","rare","POISON/FIGHTING/WATER","","75","6","4","52","CROSS_POISON","30/60/120/240 special","0","2"
"cryogonal","1","cryogonal","6","sniper","unique","ICE","","200","15","4","59","FREEZE_DRY","","0","1"
"cubchoo","2","cubchoo>beartic","4","bruiser","epic","ICE/WATER","","90","10","4","41","FROST_BREATH","35/70/140/280 special","0","2"
"cubone","1","cubone","5","tank","epic","GROUND/GHOST","wincon","110","11","8","36","BONEMERANG","15/30/60/120 special","0","1"
"cutiefly","2","cutiefly>ribombee","2","skirmisher","rare","BUG/FAIRY/GRASS","","75","5","2","65","POLLEN_PUFF","","0","2"
"cyclizar","1","cyclizar","7","runner","unique","DRAGON/NORMAL","wincon jumps","220","17","8","64","SHED_TAIL","","0","1"
"cyndaquil","2","cyndaquil>quilava","2","skirmisher","uncommon","FIRE","","70","7","2","51","WHEEL_OF_FIRE","10/20/40/80 special","0","2"
"darkrai","1","darkrai","7","skirmisher","legendary","DARK/GHOST","","250","22","4","65","DARK_VOID","10/20/30/60 special","0","1"
"darmanitanzen","1","darmanitanzen","5","artillery","epic","FIRE/PSYCHIC","","220","14","10","41","TRANSE","","0","1"
"darumaka","2","darumaka>darmanitan","3","bruiser","epic","FIRE/PSYCHIC","","80","11","2","55","HEADBUTT","20/40/80/160 special","0","2"
"dedenne","1","dedenne","6","tank","unique","ELECTRIC/FAIRY","wincon","200","18","10","50","STATIC_SHOCK","30/50/70/100 special","0","1"
"deerlingautumn","2","deerlingautumn>sawsbuckautumn","3","fighter","rare","NORMAL/GRASS","","80","8","4","55","HORN_LEECH","","0","2"
"deerlingspring","2","deerlingspring>sawsbuckspring","3","fighter","rare","NORMAL/GRASS","","80","8","4","55","HORN_LEECH","","0","2"
"deerlingsummer","2","deerlingsummer>sawsbucksummer","3","fighter","rare","NORMAL/GRASS","","80","8","4","55","HORN_LEECH","","0","2"
"deerlingwinter","2","deerlingwinter>sawsbuckwinter","3","fighter","rare","NORMAL/GRASS/ICE","","80","8","4","55","HORN_LEECH","","0","2"
"deino","3","deino>zweilous>hydreigon","2","skirmisher","rare","DRAGON/DARK","","80","5","4","56","DARK_HARVEST","5/10/20/40 special","0","3"
"delibird","1","delibird","7","tank","unique","ICE/FLYING","wincon air","200","19","10","49","PRESENT","","0","1"
"deoxys","1","deoxys","7","runner","legendary","PSYCHIC","wincon jumps","250","20","10","73","PSYCHO_BOOST","90/120/150/300 special","0","1"
"deoxysattack","1","deoxysattack","7","sniper","legendary","PSYCHIC","","250","25","4","73","ZAP_CANNON","25/50/100/200 special","0","1"
"deoxysdefense","1","deoxysdefense","7","tank","legendary","PSYCHIC","wincon","250","15","16","45","PROTECT","","0","1"
"deoxysspeed","1","deoxysspeed","6","skirmisher","legendary","PSYCHIC","","250","15","6","100","EXTREME_SPEED","20/30/40/80 special","0","1"
"dewpider","2","dewpider>araquanid","2","fighter","uncommon","WATER/BUG","","60","6","2","38","STICKY_WEB","20/35/70/140 special","0","2"
"dhelmise","1","dhelmise","6","tank","unique","GRASS/GHOST/STEEL","wincon","200","19","10","38","ANCHOR_SHOT","20/40/80/160 special","0","1"
"dialga","1","dialga","7","tank","legendary","DRAGON/STEEL","wincon","300","23","10","54","ROAR_OF_TIME","","0","1"
"diglett","2","diglett>dugtrio","3","runner","uncommon","GROUND/NORMAL","wincon jumps","75","5","6","63","DIG","10/20/40/80 special","2","0"
"dipplin","2","dipplin>hydrapple","6","sniper","unique","DRAGON/GRASS","","180","14","8","31","SYRUP_BOMB","30/40/50/100 special","0","2"
"ditto","1","ditto","2","fighter","special","NORMAL","","50","5","2","40","TRANSFORM","","1","0"
"doduo","2","doduo>dodrio","5","runner","epic","FLYING/NORMAL","wincon air","90","10","6","60","DRILL_PECK","30/60/120/240 special","0","2"
"dondozo","1","dondozo","7","tank","unique","WATER","wincon","250","15","20","30","ORDER_UP","30/60/100/200 special","0","1"
"dracovish","1","dracovish","6","tank","unique","DRAGON/WATER","wincon","180","20","6","49","FISHIOUS_REND","","0","1"
"dracozolt","1","dracozolt","6","tank","unique","DRAGON/ELECTRIC","wincon","180","20","6","49","BOLT_BEAK","20/40/80/160 special","0","1"
"drampa","1","drampa","6","sniper","unique","DRAGON/NORMAL","","250","12","6","37","DRAGON_PULSE","10/15/20/40 special","0","1"
"dratini","3","dratini>dragonair>dragonite","5","tank","epic","DRAGON/FLYING/WATER","wincon air","90","7","8","51","TWISTER","25/50/100/200 special","0","3"
"dreepy","3","dreepy>drakloak>dragapult","3","skirmisher","hatch","DRAGON/GHOST","","90","5","6","71","DRAGON_DARTS","10/20/40/80 special","0","3"
"drifloon","2","drifloon>drifblim","3","skirmisher","rare","GHOST/FLYING","air","100","5","4","51","TAILWIND","","0","2"
"drilbur","2","drilbur>excadrill","3","fighter","rare","GROUND/STEEL","true","80","8","4","56","DRILL_RUN","15/30/60/120 true","2","0"
"drowzee","2","drowzee>hypno","3","skirmisher","epic","PSYCHIC","","100","7","4","46","DREAM_EATER","45/90/150/250 special","0","2"
"druddigon","1","druddigon","6","tank","unique","DRAGON","wincon","170","19","8","40","OUTRAGE","","0","1"
"ducklett","2","ducklett>swanna","5","skirmisher","epic","WATER/FLYING","air","105","11","6","56","FEATHER_DANCE","","0","2"
"dudunsparse","1","dudunsparse","7","tank","unique","NORMAL/GROUND/BUG","wincon true","260","20","7","35","HYPER_DRILL","10/30/50/100 true","0","1"
"dunsparce","1","dunsparce","6","bruiser","unique","NORMAL/GROUND/BUG","true","220","15","4","35","HYPER_DRILL","10/30/50/100 true","0","1"
"duraludon","2","duraludon>archaludon","6","skirmisher","unique","DRAGON/STEEL","","180","18","6","52","ELECTRO_SHOT","80/100/120/240 special","0","2"
"durant","1","durant","7","runner","unique","STEEL/BUG","wincon jumps","190","19","12","60","INFESTATION","","0","1"
"duskull","3","duskull>dusclops>dusknoir","2","skirmisher","uncommon","DARK/GHOST","","70","6","4","39","SHADOW_BALL","30/60/100/200 special","3","0"
"dwebble","2","dwebble>crustle","5","tank","epic","BUG/ROCK","wincon","90","12","15","30","ROCK_WRECKER","80/160/320/640 special","0","2"
"eevee","1","eevee","2","fighter","special","NORMAL","branches x8","60","5","5","43","HAPPY_HOUR","","1","0"
"egg","1","egg","2","fighter","special","","","30","1","2","41","DEFAULT","","0","1"
"eiscue","1","eiscue","6","tank","unique","ICE/WATER","wincon","175","12","12","32","HEADBUTT","20/40/80/160 special","0","1"
"eiscuenoice","1","eiscuenoice","6","runner","unique","ICE/WATER","wincon jumps","175","12","6","83","HEADBUTT","20/40/80/160 special","0","1"
"ekans","2","ekans>arbok","2","fighter","uncommon","POISON/DARK","","60","8","4","51","COIL","","0","2"
"electrike","3","electrike>manectric>megamanectric","4","runner","rare","ELECTRIC","wincon jumps","80","6","6","70","THUNDER_FANG","30/60/120/240 special","0","3"
"elekid","3","elekid>electabuzz>electivire","4","tank","epic","ELECTRIC","wincon","110","5","8","55","SHOCKWAVE","30/60/120/240 special","0","3"
"elgyem","2","elgyem>beheeyem","3","skirmisher","rare","PSYCHIC","","70","8","4","38","WONDER_ROOM","","2","0"
"emolga","1","emolga","6","skirmisher","unique","ELECTRIC/FLYING","air","150","20","5","66","ELECTRO_BALL","10/20/40/80 special","0","1"
"enamorus","1","enamorus","7","sniper","legendary","FLYING/FAIRY","air","250","23","6","59","SPRINGTIDE_STORM","45/60/75/150 special","0","1"
"entei","1","entei","7","tank","legendary","FIRE","wincon","300","27","10","57","FLAME_CHARGE","30/60/120/240 special","1","0"
"espeon","1","espeon","5","runner","special","PSYCHIC","wincon jumps","150","8","6","70","HAPPY_HOUR","","1","0"
"espurr","1","espurr","3","runner","uncommon","PSYCHIC","wincon jumps","80","3","3","66","REFLECT","","0","1"
"eternatus","1","eternatus","7","runner","legendary","DRAGON/POISON","wincon jumps","300","18","16","67","DYNAMAX_CANNON","","0","1"
"exeggcute","1","exeggcute","4","sniper","epic","GRASS/PSYCHIC","","110","9","6","38","EGG_BOMB","25/50/100/200 special","1","0"
"exeggutor","1","exeggutor","6","tank","epic","GRASS/PSYCHIC","wincon","300","22","10","38","EGG_BOMB","25/50/100/200 special","1","0"
"falinksbrass","1","falinksbrass","6","tank","unique","FIGHTING/STEEL","wincon","150","14","10","50","NO_RETREAT","20/20/20/40 special","0","1"
"falinkstrooper","1","falinkstrooper","2","fighter","special","FIGHTING/STEEL","","30","1","1","50","TACKLE","20/40/60/120 special","0","1"
"farfetchd","1","farfetchd","7","tank","unique","FLYING/NORMAL","wincon air","200","20","8","50","RAZOR_WIND","20/40/80/160 special","0","1"
"feebas","2","feebas>milotic","2","fighter","special","WATER","","60","5","4","51","SPLASH","","0","2"
"fennekin","3","fennekin>braixen>delphox","1","skirmisher","common","FIRE/PSYCHIC","","50","4","2","58","MYSTICAL_FIRE","20/40/80/160 special","0","3"
"ferroseed","2","ferroseed>ferrothorn","5","tank","epic","GRASS/STEEL","wincon","100","8","14","31","SPIKES","25/50/100/200 special","0","2"
"fezandipiti","1","fezandipiti","7","runner","legendary","POISON/FAIRY","wincon jumps","250","22","10","63","DISARMING_VOICE","","0","1"
"fidough","2","fidough>dachsbun","3","fighter","rare","FAIRY","","75","7","6","55","GROWL","","0","2"
"finizen","2","finizen>palafin","6","runner","unique","WATER","wincon jumps","200","12","7","64","JET_PUNCH","","0","2"
"finneon","2","finneon>lumineon","2","skirmisher","rare","WATER","","80","6","4","54","AQUA_RING","","0","2"
"flabebe","1","flabebe","2","sniper","uncommon","FAIRY/GRASS","","60","6","2","49","FAIRY_WIND","","0","1"
"flapple","1","flapple","6","sniper","unique","DRAGON/GRASS","","180","19","4","50","GRAV_APPLE","20/40/80/160 physical","0","1"
"flareon","1","flareon","5","tank","special","FIRE","wincon","150","12","6","43","HAPPY_HOUR","","1","0"
"fletchling","3","fletchling>fletchinder>talonflame","5","skirmisher","ultra","FLYING/FIRE","air","120","12","6","65","FIRESTARTER","20/40/80/160 special","3","0"
"floette","1","floette","4","sniper","uncommon","FAIRY/GRASS","","120","10","2","49","FAIRY_WIND","","0","1"
"florges","1","florges","5","sniper","uncommon","FAIRY/GRASS","","210","19","4","49","FAIRY_WIND","","0","1"
"fluttermane","1","fluttermane","6","sniper","unique","GHOST/FAIRY","","150","17","4","59","MOONBLAST","10/14/18/26 special","0","1"
"fomantis","2","fomantis>lurantis","3","fighter","rare","GRASS/FIGHTING","true","70","8","6","47","SOLAR_BLADE","30/60/120/240 true","0","2"
"frigibax","3","frigibax>arctibax>baxcalibur","6","tank","ultra","DRAGON/ICE","wincon","150","15","6","53","GLAIVE_RUSH","50/100/200/400 special","0","3"
"froakie","3","froakie>frogadier>greninja","4","runner","hatch","WATER/DARK","wincon jumps","80","6","4","64","WATER_SHURIKEN","20/40/60/120 special","0","3"
"fuecoco","3","fuecoco>crocalor>skeledirge","3","sniper","epic","FIRE/GHOST","","110","5","4","46","TORCH_SONG","","0","3"
"furfrou","1","furfrou","6","runner","unique","NORMAL","wincon jumps","200","16","8","65","COTTON_GUARD","","0","1"
"galarianarticuno","1","galarianarticuno","7","sniper","legendary","PSYCHIC/FLYING/FAIRY/DARK","air","300","27","6","55","FREEZING_GLARE","20/40/80/160 special","0","1"
"galariandarmanitanzen","1","galariandarmanitanzen","6","bruiser","epic","ICE/FIRE","building","220","30","4","1","TRANSE","","0","1"
"galariandarumaka","2","galariandarumaka>galariandarmanitan","3","bruiser","epic","ICE/FIRE","","80","11","2","55","HEADBUTT","20/40/80/160 special","0","2"
"galarianfarfetchd","1","galarianfarfetchd","7","tank","unique","FLYING/FIGHTING/DARK","wincon air","200","20","8","50","LEAF_BLADE","","0","1"
"galarianmoltres","1","galarianmoltres","7","skirmisher","legendary","DARK/FLYING/PSYCHIC/GHOST","air","300","28","6","54","FIERY_WRATH","30/40/50/80 special","0","1"
"galarianponyta","2","galarianponyta>galarianrapidash","5","runner","epic","FAIRY/PSYCHIC","wincon jumps","90","8","6","59","PASTEL_VEIL","","0","2"
"galarianslowbro","1","galarianslowbro","5","tank","uncommon","PSYCHIC/POISON","wincon","160","12","10","35","SHELL_SIDE_ARM","","0","1"
"galarianslowking","1","galarianslowking","5","sniper","uncommon","PSYCHIC/POISON","","160","11","8","35","EERIE_SPELL","10/20/40/80 special","0","1"
"galarianslowpoke","1","galarianslowpoke","3","fighter","uncommon","PSYCHIC/POISON","","80","7","6","35","EERIE_SPELL","10/20/40/80 special","0","1"
"galarianweezing","1","galarianweezing","5","tank","uncommon","POISON/FAIRY","wincon","155","10","12","44","STRANGE_STEAM","","0","1"
"galarianyamask","2","galarianyamask>runerigus","2","skirmisher","rare","GHOST","","65","5","7","45","GRUDGE","18/36/52/104 special","0","2"
"galarianzapdos","1","galarianzapdos","7","tank","legendary","FIGHTING/FLYING","wincon air","300","27","10","57","THUNDEROUS_KICK","20/40/60/120 physical","0","1"
"galarianzigzagoon","3","galarianzigzagoon>galarianlinoone>obstagoon","3","fighter","rare","DARK","","80","6","10","55","SLASH","10/20/40/80 special","0","3"
"gallade","1","gallade","6","tank","common","PSYCHIC/FIGHTING","wincon","260","38","10","51","PSYCHO_CUT","10/20/40/80 special","0","1"
"gardevoir","1","gardevoir","6","sniper","epic","PSYCHIC/FAIRY","","230","26","8","51","FUTURE_SIGHT","20/30/50/80 special","0","1"
"gastly","3","gastly>haunter>gengar","4","skirmisher","ultra","GHOST/POISON","","90","12","6","60","NIGHTMARE","25/50/100/200 special","3","0"
"genesect","1","genesect","7","artillery","legendary","BUG/STEEL","","200","20","12","57","LOCK_ON","","0","1"
"geodude","3","geodude>graveler>golem","2","fighter","common","GROUND/ROCK","","70","4","4","39","ROCK_SLIDE","30/60/120/240 special","3","0"
"gible","3","gible>gabite>garchomp","5","runner","epic","DRAGON/GROUND","wincon jumps","100","5","8","58","DRAGON_BREATH","25/50/100/200 special","0","3"
"gimmighoul","2","gimmighoul>gholdengo","6","tank","unique","GHOST/STEEL","wincon","200","9","8","52","GOLD_RUSH","","0","2"
"girafarig","2","girafarig>farigiraf","4","bruiser","epic","NORMAL/PSYCHIC","","90","11","4","39","TWIN_BEAM","30/60/100/200 special","0","2"
"giratina","1","giratina","7","tank","legendary","DRAGON/GHOST","wincon","250","32","12","54","SHADOW_FORCE","30/45/60/120 special","0","1"
"glaceon","1","glaceon","5","tank","special","ICE","wincon","150","12","6","43","HAPPY_HOUR","","1","0"
"glameow","2","glameow>purugly","3","runner","uncommon","NORMAL/DARK","wincon jumps","65","6","3","70","SWAGGER","","0","2"
"glastrier","1","glastrier","7","tank","legendary","ICE","wincon","280","30","20","22","GLACIAL_LANCE","","0","1"
"gligar","2","gligar>gliscor","5","tank","epic","GROUND/POISON/FLYING","wincon air","100","11","6","55","POISON_JAB","30/60/120/240 special","0","2"
"glimmet","2","glimmet>glimmora","3","fighter","rare","POISON/ROCK/GRASS","","80","6","8","53","MORTAL_SPIN","20/40/80/160 special","0","2"
"goldeen","2","goldeen>seaking","3","fighter","rare","WATER/NORMAL","","90","8","4","47","WATERFALL","","0","2"
"golett","2","golett>golurk","3","fighter","rare","GROUND/GHOST","","80","7","4","43","SHADOW_PUNCH","","0","2"
"goomy","1","goomy","1","fighter","common","DRAGON/WATER","","65","4","2","35","ACID_ARMOR","","0","1"
"gorebyss","1","gorebyss","6","skirmisher","epic","WATER/PSYCHIC","","200","18","10","35","AQUA_RING","","0","1"
"gossifleur","2","gossifleur>eldegoss","2","fighter","uncommon","GRASS","","70","5","6","50","COTTON_GUARD","","0","2"
"gothita","3","gothita>gothorita>gothitelle","2","sniper","hatch","PSYCHIC","","70","5","2","46","FAKE_TEARS","5/10/15/30 special","0","3"
"greattusk","1","greattusk","6","tank","unique","GROUND/FIGHTING","wincon","185","20","10","56","HEADLONG_RUSH","20/40/80/160 special","0","1"
"greavard","2","greavard>houndstone","2","fighter","uncommon","GHOST/ROCK","","65","6","6","55","LAST_RESPECTS","30/60/90/180 special","0","2"
"grimer","2","grimer>muk","2","fighter","uncommon","POISON","","80","4","6","41","SLUDGE","","0","2"
"grookey","3","grookey>thwackey>rillaboom","6","runner","ultra","GRASS","wincon jumps","120","17","8","58","DRUM_BEATING","10/20/40/80 special","0","3"
"groudon","2","groudon>primalgroudon","7","tank","legendary","GROUND","wincon","300","20","10","54","PRECIPICE_BLADES","25/50/100/200 special","0","2"
"growlithe","2","growlithe>arcanine","2","fighter","uncommon","FIRE","","75","5","4","55","FIRE_FANG","30/60/120/240 special","0","2"
"grubbin","3","grubbin>charjabug>vikavolt","2","sniper","hatch","BUG/ELECTRIC","","75","5","4","39","ZAP_CANNON","25/50/100/200 special","0","3"
"gulpin","2","gulpin>swalot","4","fighter","epic","POISON","","120","7","4","43","SWALLOW","40/80/150/300 special","0","2"
"guzzlord","1","guzzlord","7","tank","legendary","DARK","wincon","300","25","10","39","CRUNCH","40/80/160/320 special","0","1"
"happiny","3","happiny>chansey>blissey","5","tank","ultra","NORMAL/FAIRY","wincon","150","8","10","43","SOFT_BOILED","","0","3"
"hatenna","3","hatenna>hattrem>hatterene","3","fighter","uncommon","FAIRY/PSYCHIC","","75","7","4","34","MAGIC_POWDER","","0","3"
"hawlucha","1","hawlucha","6","runner","unique","FIGHTING/FLYING","wincon air","180","17","8","63","FLYING_PRESS","","0","1"
"heatmor","1","heatmor","6","tank","unique","FIRE","wincon","200","22","7","46","FIRE_LASH","30/60/120/240 special","0","1"
"heatran","1","heatran","7","skirmisher","legendary","FIRE/STEEL","","280","19","10","50","MAGMA_STORM","50/75/100/200 special","0","1"
"helioptile","2","helioptile>heliolisk","3","sniper","epic","NORMAL/ELECTRIC","","75","7","4","60","PARABOLIC_CHARGE","","0","2"
"heracross","1","heracross","6","tank","unique","BUG/FIGHTING","wincon","190","21","6","52","CLOSE_COMBAT","30/65/130/260 special","0","1"
"hippopotas","2","hippopotas>hippodown","5","tank","epic","GROUND/NORMAL","wincon","120","11","8","40","SAND_TOMB","10/20/40/80 special","0","2"
"hisuianlilligant","1","hisuianlilligant","5","runner","uncommon","GRASS/FIGHTING","wincon jumps","180","14","6","59","VICTORY_DANCE","","0","1"
"hisuianqwilfish","2","hisuianqwilfish>overqwil","6","tank","unique","DARK/POISON/WATER","wincon","175","13","12","52","BARB_BARRAGE","","0","2"
"hisuiantyphlosion","1","hisuiantyphlosion","5","skirmisher","uncommon","FIRE/GHOST","","230","24","6","51","INFERNAL_PARADE","","0","1"
"hisuiavalugg","1","hisuiavalugg","5","tank","rare","ICE/ROCK","wincon","170","17","20","38","MOUNTAIN_GALE","","0","1"
"hisuigrowlithe","2","hisuigrowlithe>hisuiarcanine","2","fighter","uncommon","FIRE/ROCK","","75","5","6","54","DOUBLE_EDGE","55/110/220/440 physical","0","2"
"hisuisamurott","1","hisuisamurott","6","tank","epic","WATER/DARK","wincon","280","36","14","47","CEASELESS_EDGE","20/40/80/160 special","0","1"
"hisuisliggoo","2","hisuisliggoo>hisuigoodra","4","tank","common","DRAGON/STEEL","wincon","110","8","6","35","SHELTER","","0","2"
"hisuisneasel","2","hisuisneasel>sneasler","4","runner","epic","POISON/FIGHTING","wincon jumps","85","8","2","63","DIRE_CLAW","15/30/60/120 special","0","2"
"hisuivoltorb","2","hisuivoltorb>hisuielectrode","3","runner","uncommon","ELECTRIC/GRASS","wincon jumps","60","7","2","73","CHLOROBLAST","50/100/200/400 special","0","2"
"hisuizorua","2","hisuizorua>hisuizoroark","3","runner","uncommon","NORMAL/GHOST","wincon jumps","70","7","4","60","BITTER_MALICE","25/50/100/200 special","0","2"
"hitmonchan","1","hitmonchan","7","tank","unique","FIGHTING","wincon","200","22","12","49","MEGA_PUNCH","20/40/60/120 special","0","1"
"hitmonlee","1","hitmonlee","6","tank","unique","FIGHTING","wincon","200","24","6","56","MAWASHI_GERI","20/40/60/120 special","0","1"
"hitmontop","1","hitmontop","7","tank","unique","FIGHTING","wincon","200","22","10","45","TRIPLE_KICK","20/40/60/120 special","0","1"
"honedge","3","honedge>doublade>aegislash","2","fighter","rare","GHOST/STEEL","","75","6","4","44","KING_SHIELD","","0","3"
"hooh","1","hooh","7","skirmisher","legendary","FIRE/FLYING","air","300","30","6","50","FIRE_BLAST","30/60/110/220 special","0","1"
"hoopa","1","hoopa","6","tank","unique","PSYCHIC/DARK/GHOST","wincon","180","15","6","47","UNBOUND","","0","1"
"hoopaunbound","1","hoopaunbound","7","tank","unique","PSYCHIC/DARK/GHOST","wincon","280","25","6","47","HYPERSPACE_FURY","","0","1"
"hoothoot","2","hoothoot>noctowl","3","fighter","uncommon","NORMAL/FLYING/PSYCHIC","air","75","5","4","47","HYPNOSIS","","0","2"
"hoppip","3","hoppip>skiploom>jumpluff","2","sniper","special","FLYING/GRASS","air","50","5","2","60","ACROBATICS","20/40/80/160 special","3","0"
"horsea","3","horsea>seadra>kingdra","2","skirmisher","uncommon","DRAGON/WATER","","70","6","2","52","WHIRLPOOL","","0","3"
"houndour","3","houndour>houndoom>megahoundoom","4","tank","epic","FIRE/DARK","wincon","90","7","6","55","BEAT_UP","","0","3"
"huntail","1","huntail","6","tank","epic","WATER/DARK","wincon","140","30","10","35","CAVERNOUS_CHOMP","40/80/160/320 special","0","1"
"igglybuff","3","igglybuff>jigglypuff>wigglytuff","2","skirmisher","uncommon","NORMAL/FAIRY","","65","5","2","39","SING","","0","3"
"illumise","1","illumise","5","bruiser","unique","BUG/FLYING","air","130","12","4","52","STRUGGLE_BUG","","0","1"
"impidimp","3","impidimp>morgrem>grimmsnarl","2","fighter","uncommon","DARK/FAIRY","","60","6","2","44","SPIRIT_BREAK","20/40/80/160 special","0","3"
"indeedeefemale","1","indeedeefemale","5","skirmisher","unique","NORMAL/PSYCHIC","","190","9","4","61","FOLLOW_ME","","0","1"
"indeedeemale","1","indeedeemale","5","skirmisher","unique","NORMAL/PSYCHIC","","160","13","2","61","AFTER_YOU","","0","1"
"inkay","2","inkay>malamar","5","tank","epic","DARK/PSYCHIC/WATER","wincon","90","9","6","48","TOPSY_TURVY","40/80/160/320 special","0","2"
"ironbundle","1","ironbundle","6","runner","unique","ICE/WATER","wincon jumps","200","13","10","69","AURORA_BEAM","25/50/100/200 special","0","1"
"ironhands","1","ironhands","6","tank","unique","FIGHTING/ELECTRIC","wincon","230","20","8","41","FORCE_PALM","","0","1"
"ironthorns","1","ironthorns","6","tank","unique","ROCK/ELECTRIC","wincon","200","18","8","30","VOLT_SURGE","10/20/30/60 special","0","1"
"ironvaliant","1","ironvaliant","7","runner","legendary","FIGHTING/FAIRY","wincon jumps","250","25","10","76","LASER_BLADE","25/25/25/50 special","0","1"
"jangmoo","3","jangmoo>hakamoo>kommoo","4","tank","epic","DRAGON/FIGHTING","wincon","100","6","8","52","CLANGOROUS_SOUL","","0","3"
"jirachi","1","jirachi","7","sniper","legendary","STEEL/PSYCHIC","","220","27","10","57","DOOM_DESIRE","100/125/150/300 special","0","1"
"jolteon","1","jolteon","5","runner","special","ELECTRIC","wincon jumps","150","8","6","83","HAPPY_HOUR","","1","0"
"joltik","2","joltik>galvantula","4","runner","rare","BUG/ELECTRIC","wincon jumps","80","7","6","60","ELECTRO_WEB","15/30/60/120 special","0","2"
"kabuto","2","kabuto>kabutops","3","fighter","rare","WATER","","80","8","6","51","PROTECT","","0","2"
"kangaskhan","1","kangaskhan","6","tank","unique","FIGHTING/NORMAL","wincon","200","15","8","54","DIZZY_PUNCH","20/40/80/160 special","0","1"
"karrablast","2","karrablast>escavalier","4","bruiser","epic","BUG/STEEL","","70","15","5","42","TWINEEDLE","25/50/80/160 special","0","2"
"kartana","1","kartana","7","runner","legendary","STEEL/GRASS","wincon jumps","200","35","20","60","LEAF_BLADE","","0","1"
"kecleon","1","kecleon","6","tank","unique","","wincon","200","22","6","38","CAMOUFLAGE","","0","1"
"kecleonpurple","1","kecleonpurple","6","tank","special","","wincon","200","22","6","38","CAMOUFLAGE","","0","1"
"keldeo","1","keldeo","7","runner","legendary","WATER/FIGHTING","wincon jumps true","300","26","8","60","SECRET_SWORD","50/100/150/300 true","0","1"
"kleavor","1","kleavor","6","tank","unique","BUG/ROCK/DARK","wincon true","170","22","14","55","STONE_AXE","30/40/50/100 true","0","1"
"klefki","1","klefki","6","sniper","unique","STEEL/FAIRY","","150","15","8","49","FAIRY_LOCK","50/70/90/180 special","0","1"
"klink","3","klink>klang>klinklang","1","sniper","common","STEEL","","50","4","3","35","GEAR_GRIND","","0","3"
"koffing","1","koffing","2","fighter","uncommon","POISON","","65","5","8","44","SMOG","10/20/40/80 special","1","0"
"komala","1","komala","6","tank","unique","NORMAL/GRASS","wincon","170","20","7","45","SNORE","20/40/60/120 special","0","1"
"krabby","2","krabby>kingler","3","fighter","uncommon","WATER/NORMAL","","80","6","8","49","VISE_GRIP","30/60/100/200 special","0","2"
"kricketot","2","kricketot>kricketune","3","fighter","rare","BUG","","80","7","4","46","SCREECH","","0","2"
"kubfu","1","kubfu","6","tank","unique","FIGHTING","wincon","150","15","8","50","MACH_PUNCH","25/50/100/200 special","0","1"
"kyogre","2","kyogre>primalkyogre","7","sniper","legendary","WATER","","300","18","6","54","ORIGIN_PULSE","","0","2"
"kyurem","1","kyurem","7","sniper","legendary","DRAGON/ICE","","200","27","6","55","GLACIATE","","0","1"
"landorus","1","landorus","7","sniper","legendary","FLYING/GROUND","air","250","27","6","57","SANDSEAR_STORM","45/60/75/150 special","0","1"
"lapras","1","lapras","6","bruiser","unique","WATER/ICE","","225","12","5","38","DIVE","10/20/40/80 special","0","1"
"larvesta","2","larvesta>volcarona","4","sniper","epic","FIRE/BUG","","100","11","4","57","FIERY_DANCE","25/50/100/200 special","0","2"
"larvitar","3","larvitar>pupitar>tyranitar","3","fighter","rare","DARK/ROCK","","75","7","5","39","BITE","40/80/120/200 special","3","0"
"latias","1","latias","4","sniper","unique","DRAGON/PSYCHIC","","120","9","4","60","MIST_BALL","10/20/30/60 special","0","1"
"latios","1","latios","4","sniper","unique","DRAGON/PSYCHIC","","120","9","4","60","LUSTER_PURGE","10/20/30/60 special","0","1"
"leafeon","1","leafeon","5","runner","special","GRASS","wincon jumps","150","9","6","61","HAPPY_HOUR","","1","0"
"lechonk","2","lechonk>oinkolognemale","2","fighter","uncommon","NORMAL","","75","6","3","41","LINGERING_AROMA","10/20/30/60 special","0","2"
"ledyba","2","ledyba>ledian","2","fighter","uncommon","BUG/FIGHTING/FLYING","air","60","5","2","55","MACH_PUNCH","25/50/100/200 special","0","2"
"lickitung","2","lickitung>lickilicky","2","fighter","uncommon","NORMAL","","70","5","4","41","LICK","30/60/120/240 special","0","2"
"lileep","2","lileep>cradily","2","skirmisher","rare","GRASS","","70","7","4","39","LEECH_SEED","","0","2"
"lilligant","1","lilligant","5","tank","uncommon","GRASS","wincon","180","10","8","54","AROMATHERAPY","","0","1"
"lillipup","3","lillipup>herdier>stoutland","2","fighter","common","NORMAL","","60","6","4","51","RETALIATE","","0","3"
"litten","3","litten>torracat>incineroar","5","tank","epic","FIRE/DARK","wincon","95","8","8","44","DARKEST_LARIAT","","0","3"
"litwick","3","litwick>lampent>chandelure","1","sniper","common","GHOST/FIRE","","50","4","2","51","HEX","20/40/80/160 special","0","3"
"lotad","3","lotad>lombre>ludicolo","2","sniper","rare","GRASS/WATER","","60","6","2","47","TORMENT","","0","3"
"lugia","1","lugia","7","runner","legendary","WATER/FLYING/PSYCHIC","wincon air","300","26","12","60","SKY_ATTACK","30/60/120/240 special","0","1"
"lunala","1","lunala","7","artillery","legendary","PSYCHIC/GHOST","","300","27","6","56","MOONGEIST_BEAM","","0","1"
"lunatone","1","lunatone","6","skirmisher","unique","ROCK/PSYCHIC/DARK","","200","20","4","47","COSMIC_POWER_MOON","","0","1"
"luvdisc","1","luvdisc","6","sniper","unique","WATER","","150","14","6","56","CHARM","","0","1"
"lycanrocday","1","lycanrocday","6","runner","epic","ROCK","wincon jumps","190","22","4","61","ACCELEROCK","","0","1"
"lycanrocnight","1","lycanrocnight","6","runner","epic","ROCK/DARK","wincon jumps","190","22","4","61","ACCELEROCK","","0","1"
"machop","3","machop>machoke>machamp","3","fighter","uncommon","FIGHTING","","70","6","6","43","GUILLOTINE","3/3/3/6 special","3","0"
"magby","3","magby>magmar>magmortar","2","skirmisher","rare","FIRE","","80","6","2","52","FLAMETHROWER","","0","3"
"magearna","1","magearna","7","tank","legendary","STEEL/FAIRY","wincon","300","25","8","46","FLEUR_CANNON","50/75/100/200 special","0","1"
"magikarp","2","magikarp>gyarados","2","fighter","special","WATER","","30","1","2","51","SPLASH","","0","2"
"magnemite","3","magnemite>magneton>magnezone","2","skirmisher","uncommon","ELECTRIC/STEEL","","80","5","2","44","MAGNET_BOMB","10/20/40/80 special","0","3"
"makuhita","2","makuhita>hariyama","3","fighter","rare","FIGHTING","","80","8","6","41","DYNAMIC_PUNCH","40/80/160/320 special","0","2"
"manaphy","1","manaphy","7","sniper","legendary","WATER","","250","20","10","57","HEART_SWAP","60/80/100/200 special","0","1"
"mankey","3","mankey>primeape>annihilape","4","tank","epic","FIGHTING","wincon","120","7","6","54","THRASH","","0","3"
"mantyke","2","mantyke>mantine","5","skirmisher","unique","WATER/FLYING","air","160","6","6","47","BOUNCE","15/20/25/30 special","0","2"
"maractus","1","maractus","6","tank","unique","GRASS","wincon","175","16","8","44","SPIKY_SHIELD","30/30/30/60 special","0","1"
"mareanie","2","mareanie>toxapex","3","fighter","rare","WATER/POISON","","60","6","8","35","BANEFUL_BUNKER","10/20/30/50 special","0","2"
"mareep","3","mareep>flaffy>ampharos","1","skirmisher","common","ELECTRIC","","60","5","2","43","THUNDER_SHOCK","","0","3"
"marowak","1","marowak","6","tank","epic","GROUND/GHOST","wincon","250","22","12","36","BONEMERANG","15/30/60/120 special","0","1"
"marshadow","1","marshadow","7","runner","legendary","GHOST/FIGHTING","wincon jumps","200","23","10","65","SPECTRAL_THIEF","30/40/50/100 special","0","1"
"mawile","1","mawile","6","tank","unique","STEEL/FAIRY","wincon","180","18","12","47","PLAY_ROUGH","","0","1"
"meditite","2","meditite>medicham","4","skirmisher","epic","PSYCHIC/FIGHTING","","80","9","8","51","MEDITATE","","0","2"
"melmetal","1","melmetal","7","tank","legendary","STEEL","wincon","320","35","14","36","DOUBLE_IRON_BASH","","0","1"
"meloetta","1","meloetta","7","artillery","legendary","NORMAL","","250","23","8","54","RELIC_SONG","","0","1"
"meltan","1","meltan","2","fighter","special","STEEL","","50","5","8","40","MAGNET_PULL","","0","1"
"meowsticfemale","1","meowsticfemale","5","runner","uncommon","PSYCHIC","wincon jumps","150","8","5","66","STORED_POWER","","0","1"
"meowsticmale","1","meowsticmale","5","runner","uncommon","PSYCHIC","wincon jumps","150","8","5","66","REFLECT","","0","1"
"meowth","2","meowth>persian","4","runner","rare","NORMAL","wincon jumps","80","7","6","62","PAYDAY","15/30/60/120 special","0","2"
"mesprit","1","mesprit","6","sniper","unique","PSYCHIC/FAIRY","","200","15","8","51","SONG_OF_DESIRE","","0","1"
"mew","1","mew","7","artillery","legendary","PSYCHIC","","200","27","10","64","TELEPORT","","0","1"
"mewtwo","1","mewtwo","7","sniper","legendary","PSYCHIC","","200","25","10","67","PSYSTRIKE","20/40/80/160 special","0","1"
"mienfoo","2","mienfoo>mienshao","4","runner","rare","FIGHTING","wincon jumps","80","9","6","59","DRAIN_PUNCH","2/2/3/4 special","0","2"
"milcery","1","milcery","5","skirmisher","unique","FAIRY","","150","10","2","41","DECORATE","","0","1"
"miltank","1","miltank","6","tank","unique","NORMAL","wincon","200","13","10","57","ROLLOUT","","0","1"
"mimejr","2","mimejr>mrmime","2","skirmisher","uncommon","FAIRY/PSYCHIC","","60","5","2","54","MIMIC","","0","2"
"mimikyu","1","mimikyu","6","tank","unique","GHOST/FAIRY","wincon true","180","14","10","56","SHADOW_SNEAK","25/40/50/100 true","0","1"
"mimikyubusted","1","mimikyubusted","7","tank","unique","GHOST/FAIRY","wincon true","180","24","10","56","SHADOW_SNEAK","25/40/50/100 true","0","1"
"minccino","2","minccino>cinccino","3","runner","uncommon","NORMAL","wincon jumps","60","5","3","74","ENCORE","","0","2"
"minior","1","minior","6","sniper","unique","FLYING/ROCK","air","200","14","10","44","SHIELDS_DOWN","","0","1"
"miniorkernelblue","1","miniorkernelblue","6","sniper","unique","FLYING/ROCK","air","200","14","10","44","SHIELDS_UP","","0","1"
"miniorkernelgreen","1","miniorkernelgreen","6","sniper","unique","FLYING/ROCK","air","200","14","10","44","SHIELDS_UP","","0","1"
"miniorkernelorange","1","miniorkernelorange","6","sniper","unique","FLYING/ROCK","air","200","14","10","44","SHIELDS_UP","","0","1"
"miniorkernelred","1","miniorkernelred","6","sniper","unique","FLYING/ROCK","air","200","14","10","44","SHIELDS_UP","","0","1"
"minun","1","minun","6","runner","unique","ELECTRIC","wincon jumps","140","12","6","61","LINK_CABLE","40/40/40/80 special","0","1"
"misdreavus","2","misdreavus>mismagius","3","sniper","epic","GHOST/FAIRY","","80","6","4","59","NIGHT_SHADE","","0","2"
"moltres","1","moltres","7","skirmisher","legendary","FIRE/FLYING","air","300","28","6","54","OVERHEAT","12/25/50/100 special","0","1"
"morpeko","1","morpeko","6","tank","unique","DARK/ELECTRIC","wincon","200","18","10","56","AURA_WHEEL","20/40/60/120 special","0","1"
"morpekohangry","1","morpekohangry","6","tank","unique","DARK/ELECTRIC","wincon","200","18","10","56","AURA_WHEEL","20/40/60/120 special","0","1"
"mothim","1","mothim","5","skirmisher","rare","BUG/FLYING","air","150","13","5","46","QUIVER_DANCE","","0","1"
"mudbray","2","mudbray>mudsdale","5","tank","epic","GROUND","wincon","120","12","6","35","HIGH_HORSEPOWER","15/30/60/120 special","0","2"
"mudkip","3","mudkip>marshtomp>swampert","2","fighter","common","WATER/GROUND","","65","5","4","44","MUD_BUBBLE","","0","3"
"munchlax","2","munchlax>snorlax","4","bruiser","epic","NORMAL","","120","9","4","35","BODY_SLAM","","0","2"
"munkidori","1","munkidori","7","runner","legendary","POISON/PSYCHIC","wincon jumps","250","22","10","68","MIND_BEND","","0","1"
"munna","2","munna>musharna","3","skirmisher","rare","PSYCHIC","","80","9","4","34","MOON_DREAM","","0","2"
"murkrow","2","murkrow>honchkrow","5","tank","epic","DARK/FLYING","wincon air","110","9","12","48","FOUL_PLAY","","0","2"
"nacli","3","nacli>naclstack>garganacl","3","fighter","uncommon","ROCK","","80","7","6","36","SALT_CURE","","0","3"
"natu","2","natu>xatu","3","skirmisher","rare","PSYCHIC/FLYING","air","90","5","4","60","MAGIC_BOUNCE","","0","2"
"necrozma","1","necrozma","7","tank","legendary","PSYCHIC","wincon","300","29","10","50","PRISMATIC_LASER","","0","1"
"nickit","2","nickit>thievul","2","skirmisher","rare","DARK","","75","7","2","54","THIEF","15/30/60/120 special","0","2"
"nidoranf","3","nidoranf>nidorina>nidoqueen","2","fighter","uncommon","POISON/GROUND","","70","5","4","49","VENOSHOCK","30/60/120/240 special","0","3"
"nidoranm","3","nidoranm>nidorino>nidoking","2","fighter","uncommon","POISON/GROUND","","70","5","4","52","HORN_ATTACK","","0","3"
"nihilego","1","nihilego","6","sniper","legendary","POISON/ROCK","","200","22","2","58","ACID_SPRAY","11/22/33/66 special","0","1"
"nincada","2","nincada>ninjask","5","runner","epic","BUG","wincon jumps","130","10","10","76","WONDER_GUARD","30/60/120/240 special","0","2"
"noibat","2","noibat>noivern","2","skirmisher","uncommon","DRAGON/FLYING","air","65","4","2","64","RAZOR_WIND","20/40/80/160 special","0","2"
"nosepass","2","nosepass>probopass","2","skirmisher","uncommon","ROCK/STEEL","","70","5","6","38","MAGNET_RISE","","0","2"
"numel","3","numel>camerupt>megacamerupt","5","tank","epic","FIRE/GROUND","wincon","120","10","6","38","ERUPTION","30/50/70/90 special","0","3"
"nymble","2","nymble>lokix","4","runner","rare","BUG/DARK","wincon jumps","80","8","3","60","AXE_KICK","25/50/100/100 special","0","2"
"oddish","3","oddish>gloom>vileplume","3","fighter","special","GRASS/POISON","","80","8","4","41","STUN_SPORE","15/30/60/120 special","0","3"
"ogerponcornerstone","1","ogerponcornerstone","7","runner","legendary","GRASS/ROCK","wincon jumps","200","27","14","70","IVY_CUDGEL","50/75/100/200 special","0","1"
"ogerponcornerstonemask","1","ogerponcornerstonemask","7","runner","legendary","GRASS/ROCK","wincon jumps","200","27","14","70","IVY_CUDGEL","50/75/100/200 special","0","1"
"ogerponhearthflame","1","ogerponhearthflame","7","runner","legendary","GRASS/FIRE","wincon jumps","200","27","14","70","IVY_CUDGEL","50/75/100/200 special","0","1"
"ogerponhearthflamemask","1","ogerponhearthflamemask","7","runner","legendary","GRASS/FIRE","wincon jumps","200","27","14","70","IVY_CUDGEL","50/75/100/200 special","0","1"
"ogerponteal","1","ogerponteal","7","runner","legendary","GRASS","wincon jumps","200","27","14","70","IVY_CUDGEL","50/75/100/200 special","0","1"
"ogerpontealmask","1","ogerpontealmask","7","runner","legendary","GRASS","wincon jumps","200","27","14","70","IVY_CUDGEL","50/75/100/200 special","0","1"
"ogerponwellspring","1","ogerponwellspring","7","runner","legendary","GRASS/WATER","wincon jumps","200","27","14","70","IVY_CUDGEL","50/75/100/200 special","0","1"
"ogerponwellspringmask","1","ogerponwellspringmask","7","runner","legendary","GRASS/WATER","wincon jumps","200","27","14","70","IVY_CUDGEL","50/75/100/200 special","0","1"
"oinkolognefemale","1","oinkolognefemale","5","tank","uncommon","NORMAL","wincon","185","13","9","50","LINGERING_AROMA","10/20/30/60 special","0","1"
"okidogi","1","okidogi","7","tank","legendary","FIGHTING/POISON","wincon","250","28","12","51","CHAIN_CRAZED","","0","1"
"omanyte","2","omanyte>omastar","2","skirmisher","uncommon","WATER","","70","6","4","43","ROCK_TOMB","30/60/120/240 special","0","2"
"onix","3","onix>steelix>megasteelix","5","tank","epic","ROCK/GROUND","wincon","100","7","20","35","IRON_TAIL","","3","0"
"oricoriobaile","1","oricoriobaile","6","skirmisher","unique","GRASS/FIRE","","175","15","7","60","REVELATION_DANCE","15/30/50/80 special","0","1"
"oricoriopau","1","oricoriopau","6","skirmisher","unique","GRASS/PSYCHIC","","175","15","7","60","REVELATION_DANCE","15/30/50/80 special","0","1"
"oricoriopompom","1","oricoriopompom","6","skirmisher","unique","GRASS/ELECTRIC","","175","15","7","60","REVELATION_DANCE","15/30/50/80 special","0","1"
"oricoriosensu","1","oricoriosensu","6","skirmisher","unique","GRASS/GHOST","","175","15","7","60","REVELATION_DANCE","15/30/50/80 special","0","1"
"origingiratina","1","origingiratina","7","tank","legendary","DRAGON/GHOST","wincon","250","32","12","54","SHADOW_CLAW","20/40/60/120 special","0","1"
"orthworm","1","orthworm","6","tank","unique","STEEL/GROUND","wincon","185","12","14","40","PUMMELING_PAYBACK","20/40/60/120 special","0","1"
"oshawott","2","oshawott>dewott","5","tank","epic","WATER/FIGHTING","wincon","100","8","8","47","AQUA_TAIL","30/60/100/200 special","0","2"
"pachirisu","1","pachirisu","6","runner","unique","ELECTRIC/NORMAL","wincon jumps","180","14","7","61","NUZZLE","25/50/100/200 special","0","1"
"palafinhero","1","palafinhero","7","runner","unique","WATER","wincon jumps","200","30","12","80","JET_PUNCH","","0","1"
"paldeawooper","2","paldeawooper>clodsire","3","fighter","rare","POISON/GROUND/WATER","","80","6","6","31","RECOVER","","0","2"
"palkia","1","palkia","7","tank","legendary","DRAGON/WATER","wincon","300","22","10","57","SPACIAL_REND","20/60/100/200 special","0","1"
"pancham","2","pancham>pangoro","3","fighter","rare","FIGHTING/DARK","","80","8","6","42","ARM_THRUST","1/1/2/4 physical","0","2"
"paras","2","paras>parasect","3","fighter","rare","BUG/POISON/GRASS","","90","7","4","35","ABSORB","30/60/120/240 special","0","2"
"passimian","1","passimian","6","skirmisher","unique","FIGHTING","","180","20","8","50","FLING","","0","1"
"patrat","2","patrat>watchog","3","skirmisher","rare","NORMAL","","80","8","3","50","DETECT","","0","2"
"pawmi","3","pawmi>pawmo>pawmot","4","runner","rare","ELECTRIC/FIGHTING","wincon jumps","80","6","6","59","DOUBLE_SHOCK","50/100/200/400 special","0","3"
"pawniard","3","pawniard>bisharp>kingambit","6","tank","ultra","DARK/STEEL","wincon","130","18","10","41","KOWTOW_CLEAVE","","0","3"
"pecharunt","1","pecharunt","7","sniper","legendary","POISON/GHOST","","250","25","12","55","MALIGNANT_CHAIN","","0","1"
"petilil","1","petilil","2","fighter","uncommon","GRASS","","85","5","4","54","AROMATHERAPY","","0","1"
"phanpy","2","phanpy>donphan","3","fighter","rare","GROUND","","80","5","8","41","RAPID_SPIN","20/50/100/200 special","0","2"
"phantump","2","phantump>trevenant","4","tank","rare","GHOST/GRASS","wincon","90","8","6","43","POLTERGEIST","30/60/120/240 special","0","2"
"pheromosa","1","pheromosa","7","runner","legendary","BUG/FIGHTING","wincon jumps","200","27","10","73","LUNGE","","0","1"
"phione","1","phione","4","sniper","special","WATER","","125","10","4","57","TAKE_HEART","","0","1"
"pichu","3","pichu>pikachu>raichu","1","fighter","common","ELECTRIC/FAIRY","","60","5","1","54","NUZZLE","25/50/100/200 special","2","1"
"pidgey","3","pidgey>pidgeotto>pidgeot","2","skirmisher","common","NORMAL/FLYING","air","60","4","2","57","HURRICANE","25/50/100/200 special","3","0"
"pidove","3","pidove>tranquill>unfezant","2","runner","common","NORMAL/FLYING","wincon air","60","5","3","64","ROOST","","0","3"
"pikachulibre","1","pikachulibre","4","fighter","special","ELECTRIC/FIGHTING/FAIRY","","120","8","4","54","THUNDERCLAP_PRESS","20/40/80/160 special","0","1"
"pikachusurfer","1","pikachusurfer","4","fighter","special","ELECTRIC/WATER/FAIRY","","120","8","4","54","SURF","","0","1"
"pikipek","3","pikipek>trumbeak>toucannon","2","fighter","uncommon","NORMAL/FLYING","air","70","5","4","44","DEFAULT","","0","3"
"pillarconcrete","1","pillarconcrete","6","tank","special","","wincon building","300","0","10","0","DEFAULT","","0","1"
"pillariron","1","pillariron","5","tank","special","","wincon building","200","0","6","0","DEFAULT","","0","1"
"pillarwood","1","pillarwood","2","fighter","special","","building","100","0","2","0","DEFAULT","","0","1"
"pincurchin","1","pincurchin","6","tank","unique","ELECTRIC/WATER","wincon","180","15","12","30","SPARK","30/60/90/180 special","0","1"
"pineco","2","pineco>forretress","3","fighter","uncommon","BUG/STEEL","","75","5","10","38","EXPLOSION","50/100/200/400 special","0","2"
"pinsir","1","pinsir","6","tank","unique","BUG","wincon","190","20","6","52","GUILLOTINE","3/3/3/6 special","0","1"
"piplup","3","piplup>prinplup>empoleon","2","fighter","uncommon","WATER/ICE/STEEL","","60","6","6","44","WAVE_SPLASH","","0","3"
"pirouettemeloetta","1","pirouettemeloetta","7","runner","legendary","NORMAL/FIGHTING","wincon jumps","250","23","12","82","U_TURN","","0","1"
"plusle","1","plusle","6","runner","unique","ELECTRIC","wincon jumps","140","12","6","61","LINK_CABLE","40/40/40/80 special","0","1"
"poipole","2","poipole>naganadel","6","runner","unique","POISON/BUG","wincon jumps","160","10","6","64","FELL_STINGER","4/4/4/8 special","0","2"
"politoed","1","politoed","5","skirmisher","common","WATER","","220","17","2","54","SOAK","20/40/80/160 special","0","1"
"poliwag","2","poliwag>poliwhirl","1","skirmisher","common","WATER/FIGHTING","","65","5","2","54","SOAK","20/40/80/160 special","0","2"
"poliwrath","1","poliwrath","5","tank","common","WATER/FIGHTING","wincon","220","17","6","54","CRABHAMMER","","0","1"
"ponyta","2","ponyta>rapidash","5","runner","epic","FIRE","wincon jumps","90","11","6","59","FLAME_CHARGE","30/60/120/240 special","2","0"
"poochyena","2","poochyena>mightyena","3","bruiser","rare","DARK","","80","9","4","47","GROWL","","0","2"
"popplio","3","popplio>brionne>primarina","2","sniper","hatch","WATER/FAIRY","","65","5","4","44","SPARKLING_ARIA","15/25/50/100 special","0","3"
"porygon","3","porygon>porygon2>porygonz","5","skirmisher","ultra","NORMAL","","100","13","12","54","TRI_ATTACK","60/120/250/500 special","0","3"
"psyduck","2","psyduck>golduck","3","fighter","uncommon","WATER/PSYCHIC","","75","7","4","52","PSYSHOCK","","0","2"
"pumpkaboo","2","pumpkaboo>gourgeist","4","bruiser","epic","GHOST/GRASS","","80","10","12","52","TRICK_OR_TREAT","","0","2"
"purrloin","2","purrloin>liepard","3","runner","uncommon","DARK","wincon jumps","70","7","3","59","FAKE_OUT","40/80/150/300 special","0","2"
"pyukumuku","1","pyukumuku","6","tank","unique","WATER/POISON","wincon","150","10","14","27","PURIFY","","0","1"
"quaxly","3","quaxly>quaxwell>quaquaval","3","fighter","uncommon","WATER/FIGHTING/FLYING","air","60","6","5","55","AQUA_STEP","25/50/100/200 special","0","3"
"qwilfish","1","qwilfish","6","tank","unique","WATER/POISON","wincon","150","13","15","52","STOCKPILE","","0","1"
"raikou","1","raikou","7","runner","legendary","ELECTRIC","wincon jumps","300","26","10","62","VOLT_SWITCH","25/50/100/200 special","1","0"
"ralts","2","ralts>kirlia","3","sniper","epic","PSYCHIC/FAIRY","","90","6","4","51","FUTURE_SIGHT","20/30/50/80 special","0","2"
"rattata","2","rattata>raticate","1","fighter","common","NORMAL","","50","4","2","56","AGILITY","","2","0"
"rayquaza","2","rayquaza>megarayquaza","7","tank","legendary","DRAGON/FLYING","wincon air","300","27","10","55","DRACO_METEOR","","0","2"
"regice","1","regice","7","tank","legendary","ICE","wincon","300","25","15","41","HAIL","50/50/50/80 special","0","1"
"regidrago","1","regidrago","7","tank","legendary","DRAGON","wincon","350","25","10","51","DRAGON_ENERGY","","0","1"
"regieleki","1","regieleki","7","skirmisher","legendary","ELECTRIC","","250","20","6","89","THUNDER_CAGE","15/30/60/120 special","0","1"
"regigigas","1","regigigas","7","tank","legendary","NORMAL","wincon","400","30","10","57","CRUSH_GRIP","","0","1"
"regirock","1","regirock","7","tank","legendary","ROCK","wincon","300","25","20","41","STEALTH_ROCKS","30/40/50/80 special","0","1"
"registeel","1","registeel","7","tank","legendary","STEEL","wincon","300","25","15","41","IRON_HEAD","","0","1"
"relicanth","1","relicanth","6","tank","unique","ROCK/WATER","wincon","220","13","14","43","ROCK_TOMB","30/60/120/240 special","0","1"
"remoraid","2","remoraid>octillery","3","bruiser","special","WATER","","60","13","4","39","AQUA_JET","20/40/80/160 special","0","2"
"reshiram","1","reshiram","7","sniper","legendary","DRAGON/FIRE","","200","28","6","54","BLUE_FLARE","","0","1"
"rhyhorn","3","rhyhorn>rhydon>rhyperior","6","tank","ultra","GROUND/ROCK","wincon","120","14","12","38","HORN_DRILL","3/4/5/10 special","0","3"
"riolu","2","riolu>lucario","2","skirmisher","rare","FIGHTING/STEEL","","65","6","4","54","AURASPHERE","","0","2"
"roaringmoon","1","roaringmoon","7","sniper","legendary","DRAGON/DARK","","200","25","6","61","SCALE_SHOT","40/40/40/80 special","0","1"
"rockruff","2","rockruff>lycanrocdusk","5","runner","epic","ROCK","wincon jumps","90","12","2","61","ACCELEROCK","","0","2"
"roggenrola","3","roggenrola>boldore>gigalith","3","skirmisher","epic","ROCK","","90","4","8","37","ROCK_ARTILLERY","20/30/40/80 special","3","0"
"rookidee","3","rookidee>corvisquire>corviknight","3","fighter","rare","STEEL/FLYING","air","80","8","8","46","STEEL_WING","","0","3"
"rotom","1","rotom","6","sniper","unique","ELECTRIC/GHOST","","200","10","6","54","PLASMA_FISSION","20/40/60/120 special","0","1"
"rotomdrone","1","rotomdrone","6","skirmisher","unique","ELECTRIC","","180","12","7","54","PLASMA_FLASH","5/10/20/40 special","0","1"
"rotomfan","1","rotomfan","6","sniper","unique","ELECTRIC/FLYING","air","200","10","6","54","PLASMA_TEMPEST","20/30/40/80 special","0","1"
"rotomfrost","1","rotomfrost","6","skirmisher","unique","ELECTRIC/ICE","","200","11","6","54","DEEP_FREEZE","","0","1"
"rotomheat","1","rotomheat","6","tank","unique","ELECTRIC/FIRE","wincon","200","13","10","54","SUPER_HEAT","4/7/10/20 special","0","1"
"rotommow","1","rotommow","6","tank","unique","ELECTRIC/GRASS","wincon","190","14","8","54","TRIMMING_MOWER","20/30/40/80 special","0","1"
"rotomwash","1","rotomwash","6","skirmisher","unique","ELECTRIC/WATER","","180","12","7","54","POWER_WASH","80/120/160/320 special","0","1"
"rowlet","3","rowlet>dartix>decidueye","3","sniper","hatch","GRASS/FLYING/GHOST","air","70","5","4","47","SPIRIT_SHACKLE","25/50/75/150 special","0","3"
"rufflet","2","rufflet>braviary","3","fighter","uncommon","FLYING","air","70","7","4","51","CRUSH_CLAW","1/1/1/2 physical","0","2"
"sableye","2","sableye>megasableye","6","tank","unique","DARK/GHOST","wincon","200","13","8","41","KNOCK_OFF","","0","2"
"salandit","2","salandit>salazzle","2","skirmisher","rare","FIRE/POISON","","70","6","4","63","FIRE_LASH","30/60/120/240 special","0","2"
"samurott","1","samurott","6","tank","epic","WATER/FIGHTING","wincon","290","32","16","47","AQUA_TAIL","30/60/100/200 special","0","1"
"sandile","3","sandile>krokorok>krookodile","3","fighter","hatch","DARK/GROUND","","80","6","4","54","FOUL_PLAY","","0","3"
"sandshrew","2","sandshrew>sandslash","3","tank","uncommon","GROUND/NORMAL","wincon","90","5","6","46","ROLLOUT","","2","0"
"sandygast","2","sandygast>palossand","2","fighter","uncommon","GHOST/GROUND","","60","6","6","36","SHORE_UP","","0","2"
"scatterbug","2","scatterbug>spewpa","2","skirmisher","hatch","BUG","","70","4","3","52","POWDER","10/20/30/50 special","0","2"
"scizor","1","scizor","6","tank","unique","BUG/STEEL/FIGHTING","wincon true","170","22","14","42","BULLET_PUNCH","20/30/40/80 true","0","1"
"scorbunny","3","scorbunny>raboot>cinderace","2","skirmisher","hatch","FIRE","","75","5","4","63","PYRO_BALL","10/20/40/80 special","0","3"
"scraggy","2","scraggy>scrafty","3","fighter","uncommon","DARK/FIGHTING","","70","8","4","44","ASSURANCE","25/50/100/200 special","0","2"
"screamtail","1","screamtail","7","runner","unique","PSYCHIC/FAIRY","wincon jumps","210","16","12","71","BOOMBURST","","0","1"
"scyther","1","scyther","6","runner","unique","BUG/FLYING","wincon air true","170","17","10","59","X_SCISSOR","10/20/40/60 true","0","1"
"seedot","3","seedot>nuzleaf>shiftry","2","fighter","common","GRASS/DARK","","60","6","4","51","RAZOR_LEAF","20/40/80/160 special","0","3"
"seel","2","seel>dewgong","3","fighter","uncommon","ICE/WATER","","80","7","8","47","AURORA_BEAM","25/50/100/200 special","0","2"
"sentret","2","sentret>furret","3","fighter","rare","GROUND/NORMAL","","80","6","6","54","HELPING_HAND","","0","2"
"seviper","1","seviper","6","tank","unique","POISON","wincon","180","22","8","46","VENOSHOCK","30/60/120/240 special","0","1"
"sewaddle","3","sewaddle>swadloon>leavanny","2","fighter","uncommon","GRASS/BUG","","60","5","3","54","MANTIS_BLADES","10/20/40/80 physical","0","3"
"shadowlugia","1","shadowlugia","7","runner","legendary","WATER/FLYING/DARK","wincon air","300","26","12","60","SKY_ATTACK_SHADOW","30/60/120/240 special","0","1"
"shadowmewtwo","1","shadowmewtwo","7","sniper","legendary","PSYCHIC/DARK","","200","25","10","67","PSYSTRIKE","20/40/80/160 special","0","1"
"shaymin","2","shaymin>shayminsky","7","sniper","legendary","GRASS","","200","25","10","57","SEED_FLARE","20/25/30/60 special","0","2"
"shedinja","1","shedinja","4","bruiser","epic","BUG/GHOST","","100","14","0","38","WONDER_GUARD","30/60/120/240 special","0","1"
"shellder","2","shellder>cloyster","2","fighter","uncommon","WATER/ICE/ROCK","","70","5","10","47","SHELL_SMASH","15/30/60/120 special","0","2"
"shelloseastsea","2","shelloseastsea>gastrodoneastsea","5","tank","epic","WATER/ROCK/GROUND","wincon","120","9","6","38","ANCIENT_POWER","40/80/120/200 special","0","2"
"shelloswestsea","2","shelloswestsea>gastrodonwestsea","5","tank","epic","WATER/GROUND","wincon","120","9","6","38","MUDDY_WATER","40/80/160/320 special","0","2"
"shieldon","2","shieldon>bastiodon","4","tank","rare","ROCK/STEEL","wincon","90","7","6","35","IRON_DEFENSE","","0","2"
"shinx","3","shinx>luxio>luxray","6","tank","ultra","ELECTRIC","wincon","120","13","10","47","VOLT_SWITCH","25/50/100/200 special","0","3"
"shroomish","2","shroomish>breloom","2","fighter","uncommon","GRASS/FIGHTING","","70","7","4","47","LEECH_SEED","","0","2"
"shuckle","1","shuckle","7","tank","unique","BUG/ROCK","wincon","150","5","40","27","BIDE","","0","1"
"shuppet","3","shuppet>banette>megabanette","4","bruiser","epic","GHOST","","100","10","4","46","SHADOW_CLONE","","0","3"
"sigilyph","1","sigilyph","6","sniper","unique","PSYCHIC/FLYING","air","200","14","6","56","PSYCHO_SHIFT","20/40/60/120 special","0","1"
"silcoon","2","silcoon>beautifly","6","tank","epic","BUG/NORMAL","wincon","200","23","12","20","SPIKY_SHIELD","30/30/30/60 special","0","2"
"silicobra","2","silicobra>sandaconda","3","bruiser","rare","GROUND","","80","10","7","48","SAND_SPIT","30/60/120/240 special","0","2"
"sinistea","2","sinistea>polteageist","2","skirmisher","uncommon","GHOST","","60","4","3","47","TEA_TIME","","0","2"
"sizzlipede","2","sizzlipede>centiskorch","3","bruiser","uncommon","FIRE/BUG","","75","9","2","46","BURN_UP","50/100/200/400 special","0","2"
"skarmory","1","skarmory","7","tank","unique","STEEL/FLYING","wincon air","190","18","16","47","ROAR","20/40/80/160 special","0","1"
"skiddo","2","skiddo>gogoat","4","fighter","epic","GRASS","","140","8","5","44","CITY_SHUTTLE","10/20/40/80 special","0","2"
"skitty","2","skitty>delcatty","2","fighter","uncommon","NORMAL/FAIRY","","65","6","3","32","DISARMING_VOICE","","0","2"
"skorupi","2","skorupi>drapion","4","bruiser","epic","DARK/BUG/POISON","","80","9","10","55","POISON_STING","","0","2"
"skrelp","2","skrelp>dragalge","2","sniper","uncommon","POISON/WATER","","60","7","2","39","SLUDGE_WAVE","10/20/40/80 special","0","2"
"skwovet","2","skwovet>greedent","3","fighter","rare","NORMAL","","90","7","5","28","STUFF_CHEEKS","","0","2"
"slakoth","3","slakoth>vigoroth>slaking","5","tank","epic","NORMAL","wincon","130","5","10","57","SLACK_OFF","","0","3"
"sligoo","2","sligoo>goodra","3","fighter","common","DRAGON/WATER","","120","8","4","35","ACID_ARMOR","","0","2"
"slitherwing","1","slitherwing","6","tank","unique","BUG/FIGHTING","wincon","180","20","6","45","SKITTER_SMACK","15/30/60/120 special","0","1"
"slowbro","1","slowbro","5","tank","uncommon","PSYCHIC/WATER","wincon","160","12","10","35","YAWN","","0","1"
"slowking","1","slowking","5","sniper","uncommon","PSYCHIC/WATER","","160","11","8","35","WISE_YAWN","","0","1"
"slowpoke","1","slowpoke","3","fighter","uncommon","PSYCHIC/WATER","","80","7","6","35","YAWN","","0","1"
"slugma","2","slugma>magcargo","3","fighter","rare","FIRE/ROCK","","70","7","8","35","LAVA_PLUME","20/40/80/160 special","0","2"
"smeargle","1","smeargle","6","sniper","unique","NORMAL","","250","19","6","49","SKETCH","","0","1"
"smoliv","3","smoliv>dolliv>arboliva","1","skirmisher","common","GRASS/NORMAL","","60","5","2","25","TERRAIN_PULSE","","0","3"
"smoochum","2","smoochum>jynx","2","skirmisher","uncommon","ICE/PSYCHIC","","60","5","2","61","LOVELY_KISS","50/100/150/300 special","0","2"
"sneasel","2","sneasel>weavile","4","runner","epic","ICE/DARK","wincon jumps","85","8","2","65","SLASHING_CLAW","15/30/60/120 special","0","2"
"snivy","3","snivy>servine>serperior","2","sniper","hatch","GRASS","","90","4","2","61","MAGICAL_LEAF","10/20/40/80 special","0","3"
"snom","2","snom>frosmoth","2","sniper","rare","BUG/ICE","","70","8","2","46","POWDER_SNOW","20/40/80/160 special","0","2"
"snorunt","3","snorunt>glalie>froslass","3","sniper","epic","GHOST/ICE","","90","9","4","60","ICY_WIND","25/50/100/200 special","0","3"
"snover","3","snover>abomasnow>megaabomasnow","5","tank","epic","GRASS/ICE","wincon","90","10","6","44","SHEER_COLD","50/100/200/400 special","0","3"
"snubull","2","snubull>granbull","5","tank","epic","FAIRY","wincon","115","13","8","39","ROAR","20/40/80/160 special","0","2"
"sobble","3","sobble>drizzile>inteleon","5","sniper","ultra","WATER","","120","12","4","63","SNIPE_SHOT","40/80/160/320 special","0","3"
"solgaleo","1","solgaleo","7","tank","legendary","PSYCHIC/STEEL","wincon","300","27","12","56","SUNSTEEL_STRIKE","","0","1"
"solosis","3","solosis>duosion>reuniclus","3","skirmisher","ultra","PSYCHIC","","100","6","4","35","PSYCHIC","40/80/160/320 special","0","3"
"solrock","1","solrock","6","skirmisher","unique","ROCK/FIRE","","200","20","4","47","COSMIC_POWER_SUN","","0","1"
"spearow","2","spearow>fearow","1","fighter","common","FLYING","air","50","4","2","57","PECK","10/30/50/100 special","2","0"
"spectrier","1","spectrier","7","runner","legendary","GHOST","wincon jumps","280","25","10","67","ASTRAL_BARRAGE","","0","1"
"spheal","3","spheal>sealeo>walrein","3","fighter","uncommon","WATER/ICE","","80","6","6","46","ICE_BALL","10/20/30/60 special","3","0"
"spinarak","2","spinarak>ariados","2","skirmisher","uncommon","BUG/POISON","","60","6","2","38","STRING_SHOT","10/20/50/100 special","0","2"
"spinda","1","spinda","6","tank","unique","NORMAL","wincon","200","20","10","44","TEETER_DANCE","","0","1"
"spiritomb","1","spiritomb","6","tank","unique","ROCK/GHOST","wincon","150","18","12","36","SOUL_TRAP","","0","1"
"spoink","2","spoink>grumpig","4","tank","rare","PSYCHIC","wincon","100","5","8","51","BOUNCE","15/20/25/30 special","0","2"
"sprigatito","3","sprigatito>floragato>meowscarada","1","skirmisher","common","GRASS/DARK","","55","5","2","63","FLOWER_TRICK","15/40/85/170 special","0","3"
"squirtle","3","squirtle>wartortle>blastoise","1","sniper","common","WATER","","60","5","2","50","HYDRO_PUMP","20/40/80/160 special","3","0"
"stakataka","1","stakataka","7","tank","legendary","ROCK/STEEL","wincon","300","20","30","29","IRON_DEFENSE","","0","1"
"stantler","1","stantler","6","tank","unique","PSYCHIC","wincon","180","19","6","52","PSYSHIELD_BASH","","0","1"
"starly","3","starly>staravia>staraptor","2","fighter","common","NORMAL/FLYING","air","65","5","3","57","BRAVE_BIRD","30/60/90/180 special","0","3"
"staryu","2","staryu>starmie","3","skirmisher","rare","WATER/PSYCHIC","","80","6","4","62","PSYBEAM","25/50/100/200 special","0","2"
"stonjourner","1","stonjourner","6","tank","unique","ROCK/GROUND","wincon","200","20","20","47","GRAVITY","","0","1"
"stufful","2","stufful>bewear","4","tank","epic","NORMAL/FIGHTING","wincon","100","8","6","44","POWER_HUG","40/80/160/320 special","0","2"
"stunky","2","stunky>skuntank","4","bruiser","epic","DARK/POISON","","125","9","4","52","POISON_GAS","15/30/60/120 special","0","2"
"substitute","1","substitute","2","fighter","special","","","80","1","2","28","DEFAULT","","0","1"
"suicune","1","suicune","7","tank","legendary","WATER","wincon","300","28","10","52","AQUA_JET","20/40/80/160 special","0","1"
"sunkern","2","sunkern>sunflora","3","skirmisher","rare","GRASS","","80","9","6","35","SOLAR_BEAM","25/50/100/200 special","0","2"
"surskit","2","surskit>masquerain","2","skirmisher","rare","BUG/WATER","","70","6","4","51","AQUA_JET","20/40/80/160 special","0","2"
"swablu","3","swablu>altaria>megaaltaria","4","skirmisher","epic","FAIRY","","100","9","6","51","HYPER_VOICE","25/50/100/200 special","0","3"
"swinub","3","swinub>piloswine>mamoswine","2","fighter","common","GROUND/ICE","","65","4","5","51","ICICLE_CRASH","20/40/80/160 special","0","3"
"swirlix","2","swirlix>slurpuff","3","bruiser","rare","FAIRY","","80","9","4","48","SWEET_SCENT","","0","2"
"sylveon","1","sylveon","5","tank","special","FAIRY","wincon","150","12","6","43","HAPPY_HOUR","","1","0"
"tadbulb","2","tadbulb>bellibolt","2","fighter","rare","ELECTRIC/WATER","","85","5","5","29","SUPERCELL_SLAM","10/20/40/80 special","0","2"
"taillow","2","taillow>swellow","4","runner","rare","FLYING","wincon air","70","7","6","80","AIR_SLASH","25/50/100/200 special","0","2"
"tandemaus","3","tandemaus>mausholdthree>mausholdfour","6","runner","unique","NORMAL/FAIRY","wincon jumps","160","14","10","61","POPULATION_BOMB","","0","3"
"tangela","2","tangela>tangrowth","3","tank","uncommon","GRASS","wincon","100","4","8","41","VINE_WHIP","30/60/100/200 special","0","2"
"tapubulu","1","tapubulu","6","tank","unique","GRASS/FAIRY","wincon","200","16","6","49","GRASSY_SURGE","","0","1"
"tapufini","1","tapufini","6","sniper","unique","FAIRY/WATER","","200","16","6","52","MISTY_SURGE","","0","1"
"tapukoko","1","tapukoko","6","skirmisher","unique","ELECTRIC/FAIRY","","200","14","6","67","ELECTRIC_SURGE","","0","1"
"tapulele","1","tapulele","6","sniper","unique","PSYCHIC/FAIRY","","200","15","6","55","PSYCHIC_SURGE","","0","1"
"tarountula","2","tarountula>spidops","2","skirmisher","uncommon","BUG/NORMAL","","65","6","5","30","SILK_TRAP","","0","2"
"tatsugiricurly","1","tatsugiricurly","4","bruiser","special","WATER","","80","18","2","50","SOAK","20/40/80/160 special","0","1"
"tatsugiridroopy","1","tatsugiridroopy","4","bruiser","special","WATER","","80","10","10","50","SOAK","20/40/80/160 special","0","1"
"tatsugiristretchy","1","tatsugiristretchy","4","runner","special","WATER","wincon jumps","80","10","2","75","SOAK","20/40/80/160 special","0","1"
"tauros","1","tauros","6","runner","unique","NORMAL","wincon jumps","200","16","10","60","RAGING_BULL","20/40/80/160 special","0","1"
"taurosaquabreed","1","taurosaquabreed","6","runner","unique","WATER/FIGHTING","wincon jumps","200","16","10","60","RAGING_BULL","20/40/80/160 special","0","1"
"taurosblazebreed","1","taurosblazebreed","6","runner","unique","FIRE/FIGHTING","wincon jumps","200","16","10","60","RAGING_BULL","20/40/80/160 special","0","1"
"tauroscombatbreed","1","tauroscombatbreed","6","runner","unique","FIGHTING/ROCK","wincon jumps","200","16","10","60","RAGING_BULL","20/40/80/160 special","0","1"
"teddiursa","3","teddiursa>ursaring>ursaluna","6","tank","ultra","GROUND","wincon","150","13","8","41","FURY_SWIPES","","0","3"
"tentacool","2","tentacool>tentacruel","2","fighter","uncommon","WATER/POISON","","65","4","4","57","TOXIC","","0","2"
"tepig","3","tepig>pignite>emboar","3","fighter","hatch","FIRE/FIGHTING","","75","7","4","46","HEAT_CRASH","40/60/80/160 special","0","3"
"terrakion","1","terrakion","7","runner","legendary","ROCK/FIGHTING","wincon jumps","300","30","8","60","SACRED_SWORD_CAVERN","","0","1"
"thundurus","1","thundurus","7","sniper","legendary","FLYING/ELECTRIC","air","250","26","6","61","WILDBOLT_STORM","45/60/75/150 special","0","1"
"timburr","3","timburr>gurdurr>conkeldurr","6","tank","ultra","FIGHTING","wincon","140","15","8","39","COLUMN_CRUSH","","0","3"
"tinkatink","3","tinkatink>tinkatuff>tinkaton","5","tank","epic","STEEL/FAIRY","wincon","100","10","6","55","GIGATON_HAMMER","100/200/400/800 special","0","3"
"tirtouga","2","tirtouga>carracosta","4","tank","uncommon","WATER","wincon","120","8","8","35","DEFAULT","","0","2"
"togedemaru","1","togedemaru","6","tank","unique","ELECTRIC/STEEL","wincon","200","17","12","50","ZING_ZAP","30/60/90/180 special","0","1"
"togepi","3","togepi>togetic>togekiss","2","skirmisher","rare","FAIRY/NORMAL","","80","5","2","51","WISH","","3","0"
"torchic","3","torchic>combusken>blaziken","3","fighter","rare","FIRE/FIGHTING/FLYING","air","80","6","6","51","BLAZE_KICK","30/60/120/240 special","0","3"
"torkoal","1","torkoal","6","tank","unique","FIRE/GROUND","wincon","200","17","16","31","SMOKE_SCREEN","10/20/40/80 special","0","1"
"tornadus","1","tornadus","7","sniper","legendary","FLYING/ICE","air","250","26","6","61","BLEAKWIND_STORM","45/60/75/150 special","0","1"
"totodile","3","totodile>croconaw>feraligatr","3","fighter","rare","WATER","","75","7","4","50","CRUNCH","40/80/160/320 special","0","3"
"toxel","2","toxel>toxtricity","3","fighter","rare","ELECTRIC/POISON","","80","8","4","49","OVERDRIVE","","0","2"
"trapinch","3","trapinch>vibrava>flygon","2","fighter","rare","BUG/GROUND","","70","7","2","57","DRAGON_TAIL","30/60/100/150 special","3","0"
"treecko","3","treecko>grovyle>sceptile","3","runner","uncommon","GRASS","wincon jumps","70","4","6","63","LEAF_BLADE","","0","3"
"tropius","1","tropius","7","tank","unique","GRASS/FLYING","wincon air","200","17","8","41","GROWTH","","0","1"
"trubbish","2","trubbish>garbodor","5","tank","epic","POISON","wincon","110","8","6","49","GUNK_SHOT","50/100/200/400 special","0","2"
"turtonator","1","turtonator","6","tank","unique","DRAGON/FIRE","wincon","200","14","24","37","SHELL_TRAP","","0","1"
"turtwig","3","turtwig>grotle>torterra","3","fighter","rare","GRASS/GROUND","","80","5","7","43","BULLDOZE","25/45/85/160 special","0","3"
"tympole","3","tympole>palpitoad>seismitoad","3","fighter","hatch","WATER/GROUND","","80","7","6","49","SLUDGE_WAVE","10/20/40/80 special","0","3"
"tynamo","3","tynamo>eelektrik>eelektross","2","fighter","uncommon","ELECTRIC/WATER","","50","6","4","41","SUCTION_HEAL","15/30/60/120 special","0","3"
"typenull","2","typenull>silvally","7","tank","legendary","NORMAL/BUG/DARK/DRAGON/ELECTRIC/FAIRY/FIGHTING/FIRE/FLYING/GHOST/GRASS/GROUND/ICE/POISON/PSYCHIC/ROCK/STEEL/WATER","wincon air true","260","20","12","55","HEAD_SMASH","40/80/150/300 true","0","2"
"typhlosion","1","typhlosion","5","skirmisher","uncommon","FIRE","","230","24","6","51","WHEEL_OF_FIRE","10/20/40/80 special","0","1"
"tyrogue","1","tyrogue","6","tank","unique","FIGHTING","wincon","150","11","6","36","MACH_PUNCH","25/50/100/200 special","0","1"
"tyrunt","2","tyrunt>tyrantrum","3","fighter","rare","DRAGON/ROCK","","70","8","8","48","ROCK_HEAD","","0","2"
"ultranecrozma","1","ultranecrozma","7","sniper","legendary","DRAGON/PSYCHIC","","300","29","10","50","PRISMATIC_LASER","","0","1"
"umbreon","1","umbreon","5","tank","special","DARK","wincon","150","12","6","43","HAPPY_HOUR","","1","0"
"unowna","1","unowna","2","artillery","special","PSYCHIC","","100","1","2","40","HIDDEN_POWER_A","","0","1"
"unownb","1","unownb","2","artillery","special","PSYCHIC","","100","1","2","40","HIDDEN_POWER_B","","0","1"
"unownc","1","unownc","2","artillery","special","PSYCHIC","","100","1","2","40","HIDDEN_POWER_C","","0","1"
"unownd","1","unownd","2","artillery","special","PSYCHIC","","100","1","2","40","HIDDEN_POWER_D","","0","1"
"unowne","1","unowne","2","artillery","special","PSYCHIC","","100","1","2","40","HIDDEN_POWER_E","","0","1"
"unownexclamation","1","unownexclamation","2","artillery","special","PSYCHIC","","100","1","2","40","HIDDEN_POWER_EM","","0","1"
"unownf","1","unownf","2","artillery","special","PSYCHIC","","100","1","2","40","HIDDEN_POWER_F","","0","1"
"unowng","1","unowng","2","artillery","special","PSYCHIC","","100","1","2","40","HIDDEN_POWER_G","","0","1"
"unownh","1","unownh","2","artillery","special","PSYCHIC","","100","1","2","40","HIDDEN_POWER_H","","0","1"
"unowni","1","unowni","2","artillery","special","PSYCHIC","","100","1","2","40","HIDDEN_POWER_I","","0","1"
"unownj","1","unownj","2","artillery","special","PSYCHIC","","100","1","2","40","HIDDEN_POWER_J","","0","1"
"unownk","1","unownk","2","artillery","special","PSYCHIC","","100","1","2","40","HIDDEN_POWER_K","","0","1"
"unownl","1","unownl","2","artillery","special","PSYCHIC","","100","1","2","40","HIDDEN_POWER_L","","0","1"
"unownm","1","unownm","2","artillery","special","PSYCHIC","","100","1","2","40","HIDDEN_POWER_M","","0","1"
"unownn","1","unownn","2","artillery","special","PSYCHIC","","100","1","2","40","HIDDEN_POWER_N","","0","1"
"unowno","1","unowno","2","artillery","special","PSYCHIC","","100","1","2","40","HIDDEN_POWER_O","","0","1"
"unownp","1","unownp","2","artillery","special","PSYCHIC","","100","1","2","40","HIDDEN_POWER_P","","0","1"
"unownq","1","unownq","2","artillery","special","PSYCHIC","","100","1","2","40","HIDDEN_POWER_Q","","0","1"
"unownquestion","1","unownquestion","2","artillery","special","PSYCHIC","","100","1","2","40","HIDDEN_POWER_QM","","0","1"
"unownr","1","unownr","2","artillery","special","PSYCHIC","","100","1","2","40","HIDDEN_POWER_R","","0","1"
"unowns","1","unowns","2","artillery","special","PSYCHIC","","100","1","2","40","HIDDEN_POWER_S","","0","1"
"unownt","1","unownt","2","artillery","special","PSYCHIC","","100","1","2","40","HIDDEN_POWER_T","","0","1"
"unownu","1","unownu","2","artillery","special","PSYCHIC","","100","1","2","40","HIDDEN_POWER_U","","0","1"
"unownv","1","unownv","2","artillery","special","PSYCHIC","","100","1","2","40","HIDDEN_POWER_V","","0","1"
"unownw","1","unownw","2","artillery","special","PSYCHIC","","100","1","2","40","HIDDEN_POWER_W","","0","1"
"unownx","1","unownx","2","artillery","special","PSYCHIC","","100","1","2","40","HIDDEN_POWER_X","","0","1"
"unowny","1","unowny","2","artillery","special","PSYCHIC","","100","1","2","40","HIDDEN_POWER_Y","","0","1"
"unownz","1","unownz","2","artillery","special","PSYCHIC","","100","1","2","40","HIDDEN_POWER_Z","","0","1"
"ursalunabloodmoon","1","ursalunabloodmoon","6","tank","ultra","GROUND","wincon","380","38","28","41","BLOOD_MOON","2/2/2/4 special","0","1"
"urshifurapid","1","urshifurapid","7","tank","legendary","FIGHTING/WATER","wincon","250","25","12","50","SURGING_STRIKES","1/1/1/2 special","0","1"
"urshifusingle","1","urshifusingle","7","tank","legendary","FIGHTING/DARK","wincon true","250","25","12","50","WICKED_BLOW","30/45/60/120 true","0","1"
"uxie","1","uxie","6","sniper","unique","PSYCHIC/FAIRY","","200","14","10","55","KNOWLEDGE_THIEF","","0","1"
"vanillite","3","vanillite>vanillish>vanilluxe","2","sniper","rare","ICE","","70","6","4","50","ICICLE_MISSILE","","0","3"
"vaporeon","1","vaporeon","5","tank","special","WATER","wincon","150","12","6","43","HAPPY_HOUR","","1","0"
"varoom","2","varoom>revavroom","2","fighter","uncommon","STEEL/POISON","","70","6","3","40","SPIN_OUT","","0","2"
"veluza","1","veluza","6","bruiser","unique","WATER/PSYCHIC","","180","20","5","45","FILLET_AWAY","","0","1"
"venipede","3","venipede>whirlipede>scolipede","5","runner","ultra","BUG/POISON","wincon jumps","90","12","6","72","STEAMROLLER","","0","3"
"venonat","2","venonat>venomoth","2","fighter","uncommon","BUG/FLYING/POISON","air","50","6","4","54","BUG_BUZZ","20/40/80/160 special","0","2"
"vespiquen","1","vespiquen","6","sniper","unique","BUG/GRASS","","190","16","8","38","VESPIQUEN_ORDERS","","0","1"
"victini","1","victini","7","tank","legendary","FIRE/PSYCHIC","wincon","300","27","10","57","SEARING_SHOT","30/40/50/100 special","0","1"
"virizion","1","virizion","7","runner","legendary","GRASS/FIGHTING","wincon jumps","300","26","8","60","SACRED_SWORD_GRASS","","0","1"
"vivillon","1","vivillon","5","skirmisher","hatch","BUG","","180","19","7","52","POWDER","10/20/30/50 special","0","1"
"vivillonarchipelago","1","vivillonarchipelago","5","skirmisher","hatch","BUG/FIGHTING","","180","19","7","52","POWDER","10/20/30/50 special","0","1"
"vivilloncontinental","1","vivilloncontinental","5","skirmisher","hatch","BUG","","180","19","7","52","POWDER","10/20/30/50 special","0","1"
"vivillonelegant","1","vivillonelegant","5","skirmisher","hatch","BUG/PSYCHIC","","180","19","7","52","POWDER","10/20/30/50 special","0","1"
"vivillonfancy","1","vivillonfancy","5","skirmisher","hatch","BUG/FAIRY","","180","19","7","52","POWDER","10/20/30/50 special","0","1"
"vivillongarden","1","vivillongarden","5","skirmisher","hatch","BUG/GRASS","","180","19","7","52","POWDER","10/20/30/50 special","0","1"
"vivillonhighplains","1","vivillonhighplains","5","skirmisher","hatch","BUG","","180","19","7","52","POWDER","10/20/30/50 special","0","1"
"vivillonicysnow","1","vivillonicysnow","5","skirmisher","hatch","BUG/NORMAL","","180","19","7","52","POWDER","10/20/30/50 special","0","1"
"vivillonjungle","1","vivillonjungle","5","skirmisher","hatch","BUG/POISON","","180","19","7","52","POWDER","10/20/30/50 special","0","1"
"vivillonmarine","1","vivillonmarine","5","skirmisher","hatch","BUG/WATER","","180","19","7","52","POWDER","10/20/30/50 special","0","1"
"vivillonmodern","1","vivillonmodern","5","skirmisher","hatch","BUG","","180","19","7","52","POWDER","10/20/30/50 special","0","1"
"vivillonmonsoon","1","vivillonmonsoon","5","skirmisher","hatch","BUG/STEEL","","180","19","7","52","POWDER","10/20/30/50 special","0","1"
"vivillonocean","1","vivillonocean","5","skirmisher","hatch","BUG","","180","19","7","52","POWDER","10/20/30/50 special","0","1"
"vivillonpokeball","1","vivillonpokeball","5","skirmisher","hatch","BUG","","180","19","7","52","POWDER","10/20/30/50 special","0","1"
"vivillonpolar","1","vivillonpolar","5","skirmisher","hatch","BUG/GHOST","","180","19","7","52","POWDER","10/20/30/50 special","0","1"
"vivillonriver","1","vivillonriver","5","skirmisher","hatch","BUG/WATER","","180","19","7","52","POWDER","10/20/30/50 special","0","1"
"vivillonsandstorm","1","vivillonsandstorm","5","skirmisher","hatch","BUG/ROCK","","180","19","7","52","POWDER","10/20/30/50 special","0","1"
"vivillonsavanna","1","vivillonsavanna","5","skirmisher","hatch","BUG/ELECTRIC","","180","19","7","52","POWDER","10/20/30/50 special","0","1"
"vivillonsun","1","vivillonsun","5","skirmisher","hatch","BUG/FIRE","","180","19","7","52","POWDER","10/20/30/50 special","0","1"
"vivillontundra","1","vivillontundra","5","skirmisher","hatch","BUG/ICE","","180","19","7","52","POWDER","10/20/30/50 special","0","1"
"volbeat","1","volbeat","5","bruiser","unique","BUG/FLYING","air","130","12","4","52","TAIL_GLOW","10/20/30/60 special","0","1"
"volcanion","1","volcanion","7","skirmisher","legendary","FIRE/WATER","","300","20","8","47","STEAM_ERUPTION","20/40/80/160 special","0","1"
"voltorb","2","voltorb>electrode","3","runner","uncommon","ELECTRIC","wincon jumps","60","7","2","73","EXPLOSION","50/100/200/400 special","2","0"
"vullaby","2","vullaby>mandibuzz","5","tank","rare","DARK/FLYING","wincon air","90","10","8","51","BONE_ARMOR","20/40/80/160 special","0","2"
"vulpix","2","vulpix>ninetales","2","skirmisher","rare","FIRE/PSYCHIC","","75","6","4","57","FIRE_SPIN","25/50/100/200 special","0","2"
"wailmer","2","wailmer>wailord","4","fighter","epic","WATER","","180","6","4","44","DIVE","10/20/40/80 special","0","2"
"walkingwake","1","walkingwake","7","runner","legendary","DRAGON/WATER","wincon jumps","300","25","8","70","HYDRO_STEAM","30/60/100/200 special","0","1"
"wattrel","2","wattrel>kilowattrel","4","skirmisher","epic","FLYING/ELECTRIC","air","90","7","6","65","SPARK","30/60/90/180 special","0","2"
"weedle","3","weedle>kakuna>beedrill","2","fighter","common","BUG/POISON","","60","5","4","49","BUG_BUZZ","20/40/80/160 special","0","3"
"weezing","1","weezing","5","tank","uncommon","POISON","wincon","155","10","12","44","SMOG","10/20/40/80 special","1","0"
"whismur","3","whismur>loudred>exploud","2","skirmisher","rare","NORMAL","","90","6","2","47","UPROAR","5/10/20/40 special","0","3"
"wiglett","2","wiglett>wugtrio","2","fighter","uncommon","GROUND/WATER","","80","5","6","55","TRIPLE_DIVE","15/30/60/120 special","0","2"
"wimpod","2","wimpod>golisopod","4","tank","epic","BUG/WATER","wincon","90","8","7","38","FIRST_IMPRESSION","45/90/180/360 special","0","2"
"wingull","2","wingull>pelipper","5","skirmisher","epic","WATER/FLYING","air","90","10","10","46","WHIRLWIND","40/80/120/240 special","0","2"
"wishiwashi","4","wishiwashi>wishiwashischool>wishiwashischool>wishiwashischool","3","bruiser","special","WATER","","50","11","4","38","AQUA_JET","20/40/80/160 special","0","4"
"woobat","2","woobat>swoobat","2","sniper","uncommon","FLYING/PSYCHIC","air","60","4","2","62","ATTRACT","","0","2"
"wooloo","2","wooloo>dubwool","2","fighter","uncommon","NORMAL","","60","5","4","56","HEADBUTT","20/40/80/160 special","0","2"
"wooper","2","wooper>quagsire","3","fighter","rare","WATER/GROUND","","80","8","10","31","MUD_SHOT","25/50/100/200 special","0","2"
"wormadamplant","1","wormadamplant","5","skirmisher","rare","BUG/GRASS","","150","13","3","46","QUIVER_DANCE","","0","1"
"wormadamsandy","1","wormadamsandy","5","skirmisher","rare","BUG/GROUND/GRASS","","150","13","9","46","QUIVER_DANCE","","0","1"
"wormadamtrash","1","wormadamtrash","5","skirmisher","rare","BUG/GROUND/GRASS","","150","13","6","46","QUIVER_DANCE","","0","1"
"wurmple","1","wurmple","5","tank","epic","BUG","wincon","110","12","6","31","ENTANGLING_THREAD","10/20/40/80 special","0","1"
"wynaut","2","wynaut>wobbuffet","3","fighter","rare","PSYCHIC","","110","8","4","36","COUNTER","","0","2"
"wyrdeer","1","wyrdeer","7","tank","unique","PSYCHIC","wincon","250","21","8","42","PSYSHIELD_BASH","","0","1"
"xerneas","1","xerneas","6","sniper","legendary","FAIRY/GRASS","","200","22","6","57","GEOMANCY","","0","1"
"xurkitree","1","xurkitree","6","skirmisher","legendary","ELECTRIC","","200","15","6","52","CHARGE_BEAM","15/30/60/120 special","0","1"
"yamask","2","yamask>cofagrigus","3","fighter","rare","GHOST","","70","6","8","45","SPITE","","0","2"
"yamper","2","yamper>boltund","3","runner","uncommon","ELECTRIC","wincon jumps","60","6","3","77","ELECTRIFY","","2","0"
"yanma","2","yanma>yanmega","3","skirmisher","rare","BUG/FLYING","air true","70","8","2","55","AERIAL_ACE","25/50/100/200 true","0","2"
"yveltal","1","yveltal","7","tank","legendary","DARK/FLYING","wincon air","300","22","12","57","OBLIVION_WING","90/120/150/300 special","0","1"
"zacian","2","zacian>zaciancrowned","7","runner","legendary","FAIRY","wincon jumps","260","22","11","69","BEHEMOTH_BLADE","","0","2"
"zangoose","1","zangoose","6","bruiser","unique","NORMAL","","250","18","4","54","FACADE","20/40/80/160 special","0","1"
"zapdos","1","zapdos","7","skirmisher","legendary","ELECTRIC/FLYING","air","300","27","6","57","THUNDER","25/50/100/200 special","1","0"
"zekrom","1","zekrom","7","sniper","legendary","DRAGON/ELECTRIC","","200","28","6","54","FUSION_BOLT","","0","1"
"zeraora","1","zeraora","6","runner","unique","ELECTRIC","wincon jumps","200","16","10","71","PLASMA_FIST","60/90/120/240 special","0","1"
"zigzagoon","2","zigzagoon>linoone","3","fighter","rare","","","80","7","8","57","SLASH","10/20/40/80 special","0","2"
"zorua","2","zorua>zoroark","3","runner","uncommon","DARK","wincon jumps","70","7","4","59","NIGHT_DAZE","25/50/100/200 special","0","2"
"zubat","3","zubat>golbat>crobat","1","skirmisher","common","POISON/FLYING","air","50","4","2","67","LEECH_LIFE","20/40/80/160 special","3","0"
"zygarde10","1","zygarde10","7","runner","legendary","DRAGON/GROUND","wincon jumps","250","26","8","62","LANDS_WRATH","","0","1"
"zygarde100","1","zygarde100","7","skirmisher","legendary","DRAGON/GROUND","","350","28","10","50","CORE_ENFORCER","40/60/80/160 special","0","1"
"zygarde50","1","zygarde50","7","sniper","legendary","DRAGON/GROUND","","220","23","5","55","THOUSAND_ARROWS","40/50/60/100 special","0","1"
